,Kingdom,Phylum,Class,Order,Family,Genus
ASV3,Bacteria,Bacteroidetes,Flavobacteriia,Flavobacteriales,Flavobacteriaceae,Chryseobacterium
ASV4,Bacteria,Proteobacteria,Betaproteobacteria,Burkholderiales,Oxalobacteraceae,Janthinobacterium
ASV5,Bacteria,Proteobacteria,Gammaproteobacteria,Enterobacteriales,Enterobacteriaceae,Citrobacter
ASV6,Bacteria,Bacteroidetes,Sphingobacteriia,Sphingobacteriales,Sphingobacteriaceae,Sphingobacterium
ASV7,Bacteria,Bacteroidetes,Flavobacteriia,Flavobacteriales,Flavobacteriaceae,Chryseobacterium
ASV8,Bacteria,Proteobacteria,Gammaproteobacteria,Pseudomonadales,Moraxellaceae,Acinetobacter
ASV9,Bacteria,Proteobacteria,Betaproteobacteria,Burkholderiales,Comamonadaceae,Delftia
ASV10,Bacteria,Proteobacteria,Betaproteobacteria,Burkholderiales,Comamonadaceae,Comamonas
ASV11,Bacteria,Proteobacteria,Gammaproteobacteria,Pseudomonadales,Moraxellaceae,Acinetobacter
ASV12,Bacteria,Proteobacteria,Betaproteobacteria,Burkholderiales,Comamonadaceae,Acidovorax
ASV13,Bacteria,Proteobacteria,Gammaproteobacteria,Pseudomonadales,Moraxellaceae,Acinetobacter
ASV15,Bacteria,Bacteroidetes,Flavobacteriia,Flavobacteriales,Flavobacteriaceae,Chryseobacterium
ASV16,Bacteria,Proteobacteria,Gammaproteobacteria,Pseudomonadales,Pseudomonadaceae,Pseudomonas
ASV17,Bacteria,Proteobacteria,Betaproteobacteria,Burkholderiales,Comamonadaceae,NA
ASV18,Bacteria,Actinobacteria,Actinobacteria,Actinomycetales,Sanguibacteraceae,Sanguibacter
ASV19,Bacteria,Proteobacteria,Gammaproteobacteria,Pseudomonadales,Pseudomonadaceae,Pseudomonas
ASV20,Bacteria,Proteobacteria,Gammaproteobacteria,Pseudomonadales,Moraxellaceae,Acinetobacter
ASV21,Bacteria,Proteobacteria,Gammaproteobacteria,Pseudomonadales,Pseudomonadaceae,Pseudomonas
ASV22,Bacteria,Proteobacteria,Alphaproteobacteria,Rhodobacterales,Rhodobacteraceae,Gemmobacter
ASV23,Bacteria,Bacteroidetes,Flavobacteriia,Flavobacteriales,Flavobacteriaceae,Flavobacterium
ASV24,Bacteria,Proteobacteria,Gammaproteobacteria,Pseudomonadales,Moraxellaceae,Acinetobacter
ASV26,Bacteria,Proteobacteria,Alphaproteobacteria,Caulobacterales,Caulobacteraceae,Brevundimonas
ASV27,Bacteria,Proteobacteria,Gammaproteobacteria,Enterobacteriales,Enterobacteriaceae,Yersinia
ASV28,Bacteria,Bacteroidetes,Sphingobacteriia,Sphingobacteriales,Sphingobacteriaceae,Sphingobacterium
ASV29,Bacteria,Proteobacteria,Alphaproteobacteria,Rhizobiales,Rhizobiaceae,Rhizobium
ASV30,Bacteria,Proteobacteria,Alphaproteobacteria,Rhizobiales,Hyphomicrobiaceae,Devosia
ASV31,Bacteria,Proteobacteria,Gammaproteobacteria,Enterobacteriales,Enterobacteriaceae,Enterobacter
ASV32,Bacteria,Bacteroidetes,Cytophagia,Cytophagales,Cytophagaceae,Dyadobacter
ASV33,Bacteria,Proteobacteria,Gammaproteobacteria,Pseudomonadales,Pseudomonadaceae,Pseudomonas
ASV34,Bacteria,Bacteroidetes,Flavobacteriia,Flavobacteriales,Flavobacteriaceae,Flavobacterium
ASV35,Bacteria,Proteobacteria,Alphaproteobacteria,Caulobacterales,Caulobacteraceae,Brevundimonas
ASV36,Bacteria,Actinobacteria,Actinobacteria,Actinomycetales,Micrococcaceae,Arthrobacter
ASV37,Bacteria,Proteobacteria,Gammaproteobacteria,Pseudomonadales,Pseudomonadaceae,Pseudomonas
ASV38,Bacteria,Proteobacteria,Alphaproteobacteria,Sphingomonadales,Sphingomonadaceae,Sphingomonas
ASV39,Bacteria,Proteobacteria,Alphaproteobacteria,Rhizobiales,Brucellaceae,Pseudochrobactrum
ASV40,Bacteria,Proteobacteria,Alphaproteobacteria,Rhizobiales,Rhizobiaceae,Neorhizobium
ASV41,Bacteria,Proteobacteria,Gammaproteobacteria,Xanthomonadales,Xanthomonadaceae,Stenotrophomonas
ASV42,Bacteria,Proteobacteria,Gammaproteobacteria,Aeromonadales,Aeromonadaceae,Aeromonas
ASV43,Bacteria,Bacteroidetes,Flavobacteriia,Flavobacteriales,Flavobacteriaceae,Flavobacterium
ASV44,Bacteria,Bacteroidetes,Flavobacteriia,Flavobacteriales,Flavobacteriaceae,Flavobacterium
ASV45,Bacteria,Proteobacteria,Gammaproteobacteria,Xanthomonadales,Xanthomonadaceae,Stenotrophomonas
ASV46,Bacteria,Bacteroidetes,Cytophagia,Cytophagales,Cytophagaceae,Dyadobacter
ASV47,Bacteria,Proteobacteria,Gammaproteobacteria,Pseudomonadales,Pseudomonadaceae,Pseudomonas
ASV48,Bacteria,Bacteroidetes,Flavobacteriia,Flavobacteriales,Flavobacteriaceae,Flavobacterium
ASV49,Bacteria,Bacteroidetes,Flavobacteriia,Flavobacteriales,Flavobacteriaceae,Flavobacterium
ASV50,Bacteria,Bacteroidetes,Sphingobacteriia,Sphingobacteriales,Sphingobacteriaceae,Pedobacter
ASV51,Bacteria,Proteobacteria,Gammaproteobacteria,Pseudomonadales,Pseudomonadaceae,Pseudomonas
ASV54,Bacteria,Proteobacteria,Gammaproteobacteria,Pseudomonadales,Moraxellaceae,Acinetobacter
ASV55,Bacteria,Bacteroidetes,Flavobacteriia,Flavobacteriales,Flavobacteriaceae,Flavobacterium
ASV56,Bacteria,Bacteroidetes,Sphingobacteriia,Sphingobacteriales,Chitinophagaceae,Taibaiella
ASV57,Bacteria,Proteobacteria,Betaproteobacteria,Burkholderiales,Comamonadaceae,NA
ASV58,Bacteria,Proteobacteria,Betaproteobacteria,Burkholderiales,Comamonadaceae,Xenophilus
ASV60,Bacteria,Proteobacteria,Gammaproteobacteria,Xanthomonadales,Xanthomonadaceae,Stenotrophomonas
ASV61,Bacteria,Proteobacteria,Gammaproteobacteria,Pseudomonadales,Pseudomonadaceae,Pseudomonas
ASV63,Bacteria,Proteobacteria,Gammaproteobacteria,Pseudomonadales,Pseudomonadaceae,Pseudomonas
ASV64,Bacteria,Bacteroidetes,Flavobacteriia,Flavobacteriales,Flavobacteriaceae,Flavobacterium
ASV65,Bacteria,Actinobacteria,Actinobacteria,Actinomycetales,Micrococcaceae,Arthrobacter
ASV66,Bacteria,Proteobacteria,Gammaproteobacteria,Enterobacteriales,Enterobacteriaceae,Pantoea
ASV69,Bacteria,Actinobacteria,Actinobacteria,Actinomycetales,Micrococcaceae,Arthrobacter
ASV71,Bacteria,Proteobacteria,Gammaproteobacteria,Pseudomonadales,Moraxellaceae,Acinetobacter
ASV73,Bacteria,Proteobacteria,Alphaproteobacteria,Rhizobiales,Brucellaceae,Pseudochrobactrum
ASV74,Bacteria,Proteobacteria,Betaproteobacteria,Burkholderiales,Oxalobacteraceae,Duganella
ASV75,Bacteria,Proteobacteria,Gammaproteobacteria,Enterobacteriales,Enterobacteriaceae,Yersinia
ASV77,Bacteria,Proteobacteria,Gammaproteobacteria,Pseudomonadales,Pseudomonadaceae,Pseudomonas
ASV78,Bacteria,Proteobacteria,Alphaproteobacteria,Rhodobacterales,Rhodobacteraceae,Gemmobacter
ASV81,Bacteria,Proteobacteria,Gammaproteobacteria,Pseudomonadales,Pseudomonadaceae,Pseudomonas
ASV82,Bacteria,Proteobacteria,Alphaproteobacteria,Rhizobiales,Brucellaceae,Pseudochrobactrum
ASV83,Bacteria,Proteobacteria,Alphaproteobacteria,Rhizobiales,Rhizobiaceae,Rhizobium
ASV84,Bacteria,Proteobacteria,Alphaproteobacteria,Rhodobacterales,Rhodobacteraceae,Gemmobacter
ASV85,Bacteria,Proteobacteria,Betaproteobacteria,Burkholderiales,Oxalobacteraceae,Janthinobacterium
ASV87,Bacteria,Proteobacteria,Betaproteobacteria,Burkholderiales,Comamonadaceae,Comamonas
ASV88,Bacteria,Proteobacteria,Gammaproteobacteria,Pseudomonadales,Moraxellaceae,Acinetobacter
ASV89,Bacteria,Proteobacteria,Gammaproteobacteria,Pseudomonadales,Moraxellaceae,Acinetobacter
ASV90,Bacteria,Actinobacteria,Actinobacteria,Actinomycetales,Micrococcaceae,Arthrobacter
ASV91,Bacteria,Proteobacteria,Gammaproteobacteria,Pseudomonadales,Pseudomonadaceae,Pseudomonas
ASV92,Bacteria,Firmicutes,Bacilli,Bacillales,Staphylococcaceae,Staphylococcus
ASV93,Bacteria,Proteobacteria,Gammaproteobacteria,Xanthomonadales,Xanthomonadaceae,Stenotrophomonas
ASV94,Bacteria,Bacteroidetes,Sphingobacteriia,Sphingobacteriales,Sphingobacteriaceae,Pedobacter
ASV96,Bacteria,Proteobacteria,Gammaproteobacteria,Pseudomonadales,Pseudomonadaceae,Pseudomonas
ASV97,Bacteria,Proteobacteria,Gammaproteobacteria,Pseudomonadales,Pseudomonadaceae,Pseudomonas
ASV101,Bacteria,Actinobacteria,Actinobacteria,Actinomycetales,Microbacteriaceae,Curtobacterium
ASV103,Bacteria,Proteobacteria,Gammaproteobacteria,Chromatiales,Chromatiaceae,Rheinheimera
ASV105,Bacteria,Bacteroidetes,Cytophagia,Cytophagales,Cytophagaceae,Dyadobacter
ASV107,Bacteria,Firmicutes,Bacilli,Bacillales,NA,NA
ASV108,Bacteria,Bacteroidetes,Sphingobacteriia,Sphingobacteriales,Chitinophagaceae,NA
ASV109,Bacteria,Proteobacteria,Betaproteobacteria,Burkholderiales,Comamonadaceae,Delftia
ASV112,Bacteria,Proteobacteria,Alphaproteobacteria,Caulobacterales,Caulobacteraceae,Brevundimonas
ASV114,Bacteria,Proteobacteria,Gammaproteobacteria,Pseudomonadales,Pseudomonadaceae,Pseudomonas
ASV117,Bacteria,Proteobacteria,Alphaproteobacteria,Rhodobacterales,Rhodobacteraceae,Gemmobacter
ASV118,Bacteria,Proteobacteria,Gammaproteobacteria,Pseudomonadales,Pseudomonadaceae,Pseudomonas
ASV120,Bacteria,Proteobacteria,Alphaproteobacteria,Rhizobiales,Rhizobiaceae,Neorhizobium
ASV121,Bacteria,Proteobacteria,Gammaproteobacteria,Enterobacteriales,Enterobacteriaceae,NA
ASV122,Bacteria,Proteobacteria,Gammaproteobacteria,Chromatiales,Chromatiaceae,Rheinheimera
ASV123,Bacteria,Proteobacteria,Betaproteobacteria,Burkholderiales,Alcaligenaceae,Advenella
ASV124,Bacteria,Actinobacteria,Actinobacteria,Actinomycetales,Nocardiaceae,Rhodococcus
ASV125,Bacteria,Proteobacteria,Alphaproteobacteria,Rhizobiales,Brucellaceae,Brucella
ASV130,Bacteria,Actinobacteria,Actinobacteria,Actinomycetales,Micrococcaceae,Arthrobacter
ASV131,Bacteria,Proteobacteria,Gammaproteobacteria,Pseudomonadales,Pseudomonadaceae,Pseudomonas
ASV132,Bacteria,Proteobacteria,Betaproteobacteria,Methylophilales,Methylophilaceae,Methylophilus
ASV134,Bacteria,Proteobacteria,Gammaproteobacteria,Pseudomonadales,Moraxellaceae,Acinetobacter
ASV141,Bacteria,Proteobacteria,Gammaproteobacteria,Alteromonadales,Shewanellaceae,Shewanella
ASV142,Bacteria,Proteobacteria,Deltaproteobacteria,Bdellovibrionales,Bacteriovoracaceae,Bacteriovorax
ASV145,Bacteria,Bacteroidetes,Sphingobacteriia,Sphingobacteriales,Sphingobacteriaceae,Sphingobacterium
ASV147,Bacteria,Proteobacteria,Alphaproteobacteria,Rhizobiales,Brucellaceae,Ochrobactrum
ASV148,Bacteria,Proteobacteria,Alphaproteobacteria,Sphingomonadales,Sphingomonadaceae,Sphingobium
ASV151,Bacteria,Proteobacteria,Deltaproteobacteria,Bdellovibrionales,Bacteriovoracaceae,Bacteriovorax
ASV153,Bacteria,Proteobacteria,Alphaproteobacteria,Rhodobacterales,Rhodobacteraceae,Paracoccus
ASV155,Bacteria,Proteobacteria,Betaproteobacteria,Burkholderiales,Oxalobacteraceae,Herminiimonas
ASV163,Bacteria,Actinobacteria,Actinobacteria,Actinomycetales,Microbacteriaceae,Frondihabitans
ASV165,Bacteria,Firmicutes,Bacilli,Lactobacillales,Enterococcaceae,Enterococcus
ASV168,Bacteria,Proteobacteria,Gammaproteobacteria,Enterobacteriales,Enterobacteriaceae,NA
ASV170,Bacteria,Proteobacteria,Alphaproteobacteria,Sphingomonadales,Sphingomonadaceae,Sphingobium
ASV174,Bacteria,Bacteroidetes,Flavobacteriia,Flavobacteriales,Flavobacteriaceae,Flavobacterium
ASV176,Bacteria,Proteobacteria,Alphaproteobacteria,Sphingomonadales,Sphingomonadaceae,Novosphingobium
ASV178,Bacteria,Proteobacteria,Gammaproteobacteria,Oceanospirillales,Halomonadaceae,Halomonas
ASV179,Bacteria,Bacteroidetes,Flavobacteriia,Flavobacteriales,Flavobacteriaceae,Flavobacterium
ASV181,Bacteria,Actinobacteria,Actinobacteria,Actinomycetales,Micrococcaceae,Arthrobacter
ASV186,Bacteria,Bacteroidetes,Sphingobacteriia,Sphingobacteriales,Sphingobacteriaceae,Pedobacter
ASV189,Bacteria,Bacteroidetes,Sphingobacteriia,Sphingobacteriales,Sphingobacteriaceae,Sphingobacterium
ASV193,Bacteria,Proteobacteria,Gammaproteobacteria,Pseudomonadales,Pseudomonadaceae,Pseudomonas
ASV194,Bacteria,Bacteroidetes,Sphingobacteriia,Sphingobacteriales,Sphingobacteriaceae,Pedobacter
ASV195,Bacteria,Bacteroidetes,Flavobacteriia,Flavobacteriales,Flavobacteriaceae,Myroides
ASV196,Bacteria,Proteobacteria,Betaproteobacteria,Burkholderiales,Comamonadaceae,Comamonas
ASV197,Bacteria,Firmicutes,Bacilli,Bacillales,Staphylococcaceae,Staphylococcus
ASV201,Bacteria,Proteobacteria,Betaproteobacteria,Methylophilales,Methylophilaceae,Methylophilus
ASV203,Bacteria,Proteobacteria,Gammaproteobacteria,Enterobacteriales,Enterobacteriaceae,Buttiauxella
ASV204,Bacteria,Proteobacteria,Gammaproteobacteria,Xanthomonadales,Xanthomonadaceae,Stenotrophomonas
ASV209,Bacteria,Firmicutes,Bacilli,Lactobacillales,Streptococcaceae,Lactococcus
ASV212,Bacteria,Proteobacteria,Alphaproteobacteria,Sphingomonadales,Erythrobacteraceae,NA
ASV222,Bacteria,Proteobacteria,Alphaproteobacteria,Rhizobiales,Brucellaceae,Ochrobactrum
ASV226,Bacteria,Actinobacteria,Actinobacteria,Actinomycetales,Microbacteriaceae,Microbacterium
ASV234,Bacteria,Bacteroidetes,Cytophagia,Cytophagales,Cytophagaceae,Leadbetterella
ASV246,Bacteria,Actinobacteria,Actinobacteria,Actinomycetales,Micrococcaceae,Arthrobacter
ASV249,Bacteria,NA,NA,NA,NA,NA
ASV262,Bacteria,Proteobacteria,Betaproteobacteria,Burkholderiales,Oxalobacteraceae,Massilia
ASV269,Bacteria,Bacteroidetes,NA,NA,NA,NA
ASV275,Bacteria,Bacteroidetes,Flavobacteriia,Flavobacteriales,Flavobacteriaceae,Flavobacterium
ASV276,Bacteria,Proteobacteria,Alphaproteobacteria,Rhizobiales,Rhizobiaceae,Kaistia
ASV283,Bacteria,Bacteroidetes,Bacteroidia,Bacteroidales,Porphyromonadaceae,Parabacteroides
ASV286,Bacteria,Bacteroidetes,Flavobacteriia,Flavobacteriales,Flavobacteriaceae,Empedobacter
ASV291,Bacteria,Bacteroidetes,Flavobacteriia,Flavobacteriales,Flavobacteriaceae,Chryseobacterium
ASV301,Bacteria,Proteobacteria,Gammaproteobacteria,Enterobacteriales,Enterobacteriaceae,Citrobacter
ASV305,Bacteria,Actinobacteria,Actinobacteria,Actinomycetales,Microbacteriaceae,Leucobacter
ASV313,Bacteria,Firmicutes,Bacilli,Lactobacillales,Enterococcaceae,Vagococcus
ASV314,Bacteria,Actinobacteria,Actinobacteria,Actinomycetales,Microbacteriaceae,Leucobacter
ASV317,Bacteria,Proteobacteria,Alphaproteobacteria,Sphingomonadales,Sphingomonadaceae,Sphingomonas
ASV324,Bacteria,Bacteroidetes,Bacteroidia,Bacteroidales,Rikenellaceae,Rikenella
ASV326,Bacteria,Bacteroidetes,Bacteroidia,Bacteroidales,Bacteroidaceae,Bacteroides
ASV329,Bacteria,NA,NA,NA,NA,NA
ASV331,Bacteria,Bacteroidetes,Flavobacteriia,Flavobacteriales,Flavobacteriaceae,Flavobacterium
ASV342,Bacteria,Firmicutes,Bacilli,Lactobacillales,Enterococcaceae,Enterococcus
ASV348,Bacteria,Proteobacteria,Gammaproteobacteria,Oceanospirillales,Halomonadaceae,Halomonas
ASV351,Bacteria,Proteobacteria,Gammaproteobacteria,Oceanospirillales,Halomonadaceae,Halomonas
ASV365,Bacteria,Proteobacteria,Alphaproteobacteria,Sphingomonadales,Erythrobacteraceae,NA
ASV381,Bacteria,Bacteroidetes,Bacteroidia,Bacteroidales,Bacteroidaceae,Bacteroides
ASV386,Bacteria,Actinobacteria,Actinobacteria,Actinomycetales,Corynebacteriaceae,Corynebacterium
ASV394,Bacteria,Bacteroidetes,Bacteroidia,Bacteroidales,Bacteroidaceae,Bacteroides
ASV397,Bacteria,Proteobacteria,Deltaproteobacteria,Bdellovibrionales,Bacteriovoracaceae,Bacteriovorax
ASV409,Bacteria,Bacteroidetes,Flavobacteriia,Flavobacteriales,Flavobacteriaceae,Myroides
ASV414,Bacteria,Proteobacteria,Alphaproteobacteria,Sphingomonadales,Erythrobacteraceae,NA
ASV426,Bacteria,Bacteroidetes,Bacteroidia,Bacteroidales,Bacteroidaceae,Bacteroides
ASV427,Bacteria,Proteobacteria,Gammaproteobacteria,Pseudomonadales,Moraxellaceae,Acinetobacter
ASV435,Bacteria,NA,NA,NA,NA,NA
ASV440,Bacteria,Proteobacteria,Alphaproteobacteria,Rhizobiales,Methylobacteriaceae,Methylobacterium
ASV445,Bacteria,Firmicutes,Negativicutes,Selenomonadales,Veillonellaceae,Propionispira
ASV449,Bacteria,Proteobacteria,Alphaproteobacteria,Rhizobiales,Rhizobiaceae,Rhizobium
ASV451,Bacteria,Proteobacteria,Alphaproteobacteria,Rhizobiales,Phyllobacteriaceae,Aminobacter
ASV453,Bacteria,Firmicutes,Bacilli,Lactobacillales,Streptococcaceae,Streptococcus
ASV457,Bacteria,Proteobacteria,Betaproteobacteria,Burkholderiales,Alcaligenaceae,Advenella
ASV470,Bacteria,Proteobacteria,Betaproteobacteria,Burkholderiales,Comamonadaceae,Variovorax
ASV471,Bacteria,Actinobacteria,Actinobacteria,Actinomycetales,Microbacteriaceae,Frondihabitans
ASV474,Bacteria,Proteobacteria,Deltaproteobacteria,Desulfovibrionales,Desulfovibrionaceae,Desulfovibrio
ASV476,Bacteria,Proteobacteria,Betaproteobacteria,Burkholderiales,Alcaligenaceae,Achromobacter
ASV477,Bacteria,Bacteroidetes,Bacteroidia,Bacteroidales,Porphyromonadaceae,Odoribacter
ASV489,Bacteria,Firmicutes,Bacilli,Lactobacillales,Enterococcaceae,Vagococcus
ASV493,Bacteria,Firmicutes,Bacilli,Lactobacillales,Enterococcaceae,Enterococcus
ASV496,Bacteria,Actinobacteria,Actinobacteria,Actinomycetales,Brevibacteriaceae,Brevibacterium
ASV500,Bacteria,Bacteroidetes,Sphingobacteriia,Sphingobacteriales,Sphingobacteriaceae,Pedobacter
ASV506,Bacteria,Bacteroidetes,Bacteroidia,Bacteroidales,Bacteroidaceae,Bacteroides
ASV522,Bacteria,Bacteroidetes,Sphingobacteriia,Sphingobacteriales,Sphingobacteriaceae,Pedobacter
ASV524,Bacteria,Bacteroidetes,Sphingobacteriia,Sphingobacteriales,Sphingobacteriaceae,Pedobacter
ASV531,Bacteria,Bacteroidetes,Bacteroidia,Bacteroidales,Bacteroidaceae,Bacteroides
ASV535,Bacteria,Proteobacteria,Gammaproteobacteria,Enterobacteriales,Enterobacteriaceae,Cronobacter
ASV536,Bacteria,Proteobacteria,Gammaproteobacteria,Pseudomonadales,Moraxellaceae,Acinetobacter
ASV545,Bacteria,Proteobacteria,Gammaproteobacteria,Pseudomonadales,Pseudomonadaceae,Pseudomonas
ASV548,Bacteria,Proteobacteria,Alphaproteobacteria,Rhizobiales,Brucellaceae,NA
ASV559,Bacteria,Proteobacteria,Gammaproteobacteria,Pseudomonadales,Moraxellaceae,Paraperlucidibaca
ASV574,Bacteria,Proteobacteria,Alphaproteobacteria,Rhodobacterales,Rhodobacteraceae,NA
ASV578,Bacteria,Actinobacteria,Actinobacteria,Actinomycetales,Corynebacteriaceae,Corynebacterium
ASV583,Bacteria,Fusobacteria,Fusobacteriia,Fusobacteriales,Fusobacteriaceae,Fusobacterium
ASV584,Bacteria,Bacteroidetes,Bacteroidia,Bacteroidales,Bacteroidaceae,Bacteroides
ASV587,Bacteria,Proteobacteria,Gammaproteobacteria,Pseudomonadales,Pseudomonadaceae,Pseudomonas
ASV593,Bacteria,Proteobacteria,Gammaproteobacteria,Pseudomonadales,Moraxellaceae,Acinetobacter
ASV594,Bacteria,Proteobacteria,Alphaproteobacteria,Rhizobiales,Rhizobiaceae,Shinella
ASV597,Bacteria,NA,NA,NA,NA,NA
ASV611,Bacteria,Proteobacteria,Gammaproteobacteria,Enterobacteriales,Enterobacteriaceae,NA
ASV612,Bacteria,NA,NA,NA,NA,NA
ASV618,Bacteria,Proteobacteria,Alphaproteobacteria,Rhizobiales,Brucellaceae,Pseudochrobactrum
ASV621,Bacteria,Firmicutes,Erysipelotrichia,Erysipelotrichales,Erysipelotrichaceae,NA
ASV622,Bacteria,Proteobacteria,Gammaproteobacteria,Aeromonadales,Aeromonadaceae,Aeromonas
ASV633,Bacteria,Bacteroidetes,Sphingobacteriia,Sphingobacteriales,Sphingobacteriaceae,Sphingobacterium
ASV643,Bacteria,Proteobacteria,Alphaproteobacteria,Rhizobiales,Brucellaceae,Paenochrobactrum
ASV644,Bacteria,Proteobacteria,Deltaproteobacteria,Desulfovibrionales,Desulfovibrionaceae,Desulfovibrio
ASV654,Bacteria,Bacteroidetes,Flavobacteriia,Flavobacteriales,Flavobacteriaceae,NA
ASV659,Bacteria,Firmicutes,Clostridia,Clostridiales,Ruminococcaceae,Pseudoflavonifractor
ASV672,Bacteria,Bacteroidetes,Bacteroidia,Bacteroidales,Porphyromonadaceae,Parabacteroides
ASV673,Bacteria,Bacteroidetes,Flavobacteriia,Flavobacteriales,Flavobacteriaceae,Cloacibacterium
ASV700,Bacteria,Verrucomicrobia,Verrucomicrobiae,Verrucomicrobiales,Verrucomicrobiaceae,Akkermansia
ASV717,Bacteria,Firmicutes,Bacilli,Bacillales,Planococcaceae,NA
ASV721,Bacteria,Proteobacteria,Gammaproteobacteria,Pseudomonadales,Moraxellaceae,Acinetobacter
ASV725,Bacteria,Bacteroidetes,Sphingobacteriia,Sphingobacteriales,Sphingobacteriaceae,Pedobacter
ASV734,Bacteria,Bacteroidetes,Bacteroidia,Bacteroidales,Porphyromonadaceae,Parabacteroides
ASV741,Bacteria,Proteobacteria,Gammaproteobacteria,Pseudomonadales,Moraxellaceae,Enhydrobacter
ASV749,Bacteria,Proteobacteria,Betaproteobacteria,Neisseriales,Neisseriaceae,Chitinibacter
ASV760,Bacteria,Actinobacteria,Actinobacteria,Actinomycetales,Micrococcaceae,Kocuria
ASV761,Bacteria,Firmicutes,Bacilli,Lactobacillales,Streptococcaceae,Streptococcus
ASV784,Bacteria,Proteobacteria,Gammaproteobacteria,Pseudomonadales,Pseudomonadaceae,Pseudomonas
ASV803,Bacteria,Bacteroidetes,Sphingobacteriia,Sphingobacteriales,Sphingobacteriaceae,Pedobacter
ASV824,Bacteria,Bacteroidetes,Bacteroidia,Bacteroidales,Rikenellaceae,Alistipes
ASV841,Bacteria,Proteobacteria,Gammaproteobacteria,Enterobacteriales,Enterobacteriaceae,Budvicia
ASV842,Bacteria,Firmicutes,Bacilli,Bacillales,Staphylococcaceae,Staphylococcus
ASV871,Bacteria,Bacteroidetes,Flavobacteriia,Flavobacteriales,Flavobacteriaceae,Myroides
ASV884,Bacteria,Proteobacteria,Alphaproteobacteria,Rhodobacterales,Rhodobacteraceae,Paracoccus
ASV920,Bacteria,Proteobacteria,Gammaproteobacteria,Pseudomonadales,Moraxellaceae,Acinetobacter
ASV940,Bacteria,Bacteroidetes,Bacteroidia,Bacteroidales,Bacteroidaceae,Bacteroides
ASV949,Bacteria,Proteobacteria,Gammaproteobacteria,Xanthomonadales,Xanthomonadaceae,Stenotrophomonas
ASV959,Bacteria,Firmicutes,Negativicutes,Selenomonadales,Acidaminococcaceae,Phascolarctobacterium
ASV960,Bacteria,Bacteroidetes,Bacteroidia,Bacteroidales,Porphyromonadaceae,Parabacteroides
ASV989,Bacteria,Proteobacteria,Gammaproteobacteria,Pseudomonadales,Pseudomonadaceae,NA
ASV990,Bacteria,Verrucomicrobia,Verrucomicrobiae,Verrucomicrobiales,Verrucomicrobiaceae,Akkermansia
ASV1000,Bacteria,Actinobacteria,Actinobacteria,Actinomycetales,Micrococcaceae,Rothia
ASV1013,Bacteria,Proteobacteria,Betaproteobacteria,Burkholderiales,Comamonadaceae,Comamonas
ASV1040,Bacteria,Proteobacteria,Betaproteobacteria,Burkholderiales,Comamonadaceae,Xenophilus
ASV1050,Bacteria,Proteobacteria,Gammaproteobacteria,Enterobacteriales,Enterobacteriaceae,Proteus
ASV1097,Bacteria,Bacteroidetes,Sphingobacteriia,Sphingobacteriales,Sphingobacteriaceae,Pedobacter
ASV1134,Bacteria,Bacteroidetes,Bacteroidia,Bacteroidales,Porphyromonadaceae,Parabacteroides
ASV1135,Bacteria,Bacteroidetes,Bacteroidia,Bacteroidales,Rikenellaceae,Alistipes
ASV1146,Bacteria,Bacteroidetes,NA,NA,NA,NA
ASV1171,Bacteria,Proteobacteria,Gammaproteobacteria,Enterobacteriales,Enterobacteriaceae,Photorhabdus
ASV1233,Bacteria,Firmicutes,Bacilli,Bacillales,Staphylococcaceae,Staphylococcus
ASV1248,Bacteria,Bacteroidetes,Bacteroidia,Bacteroidales,Porphyromonadaceae,Odoribacter
ASV1263,Bacteria,Proteobacteria,Gammaproteobacteria,Enterobacteriales,Enterobacteriaceae,Proteus
ASV1279,Bacteria,Proteobacteria,Alphaproteobacteria,NA,NA,NA
ASV1280,Bacteria,Firmicutes,Bacilli,Lactobacillales,Enterococcaceae,Enterococcus
ASV1314,Bacteria,Firmicutes,Clostridia,Clostridiales,Ruminococcaceae,NA
ASV1377,Bacteria,Bacteroidetes,Sphingobacteriia,Sphingobacteriales,Rhodothermaceae,Rubrivirga
ASV1415,Bacteria,Proteobacteria,Alphaproteobacteria,Rhizobiales,Methylobacteriaceae,Methylobacterium
ASV1462,Bacteria,Firmicutes,Clostridia,Clostridiales,Ruminococcaceae,Pseudoflavonifractor
ASV1463,Bacteria,Proteobacteria,Betaproteobacteria,Neisseriales,Neisseriaceae,Vitreoscilla
ASV1464,Bacteria,Actinobacteria,Actinobacteria,Actinomycetales,Corynebacteriaceae,Corynebacterium
ASV1497,Bacteria,Actinobacteria,Actinobacteria,Actinomycetales,Micrococcaceae,Arthrobacter
ASV1522,Bacteria,Bacteroidetes,Bacteroidia,Bacteroidales,Rikenellaceae,Alistipes
ASV1550,Bacteria,Proteobacteria,Betaproteobacteria,Burkholderiales,Alcaligenaceae,Alcaligenes
ASV1551,Bacteria,Bacteroidetes,Bacteroidia,Bacteroidales,Bacteroidaceae,Bacteroides
ASV1552,Bacteria,Proteobacteria,Gammaproteobacteria,Enterobacteriales,Enterobacteriaceae,NA
ASV1578,Bacteria,Proteobacteria,Gammaproteobacteria,Enterobacteriales,Enterobacteriaceae,Providencia
ASV1579,Bacteria,Proteobacteria,NA,NA,NA,NA
ASV1580,Bacteria,Actinobacteria,Actinobacteria,Actinomycetales,Cellulomonadaceae,Cellulomonas
ASV1582,Bacteria,Bacteroidetes,Bacteroidia,Bacteroidales,Bacteroidaceae,Bacteroides
ASV1612,Bacteria,Proteobacteria,Gammaproteobacteria,Enterobacteriales,Enterobacteriaceae,Franconibacter
ASV1614,Bacteria,Bacteroidetes,Flavobacteriia,Flavobacteriales,Flavobacteriaceae,Flavobacterium
ASV1661,Bacteria,Bacteroidetes,Flavobacteriia,Flavobacteriales,Flavobacteriaceae,Soonwooa
ASV1662,Bacteria,Firmicutes,Clostridia,Clostridiales,Lachnospiraceae,Clostridium_XlVa
ASV1663,Bacteria,Bacteroidetes,Bacteroidia,Bacteroidales,Porphyromonadaceae,Odoribacter
ASV1695,Bacteria,Firmicutes,Clostridia,Clostridiales,Lachnospiraceae,Clostridium_XlVa
ASV1696,Bacteria,Bacteroidetes,Bacteroidia,Bacteroidales,Porphyromonadaceae,Parabacteroides
ASV1730,Bacteria,Bacteroidetes,Bacteroidia,Bacteroidales,Porphyromonadaceae,Odoribacter
ASV1763,Bacteria,Bacteroidetes,Bacteroidia,Bacteroidales,Porphyromonadaceae,Odoribacter
ASV1764,Bacteria,Firmicutes,Clostridia,Clostridiales,Lachnospiraceae,Clostridium_XlVa
ASV1817,Bacteria,NA,NA,NA,NA,NA
ASV1870,Bacteria,Firmicutes,Bacilli,Bacillales,Listeriaceae,Listeria
ASV1872,Bacteria,Proteobacteria,Gammaproteobacteria,Pseudomonadales,Moraxellaceae,Paraperlucidibaca
ASV1925,Bacteria,Bacteroidetes,Flavobacteriia,Flavobacteriales,Flavobacteriaceae,NA
ASV1926,Bacteria,Bacteroidetes,Flavobacteriia,Flavobacteriales,Flavobacteriaceae,Myroides
ASV1927,Bacteria,Firmicutes,Bacilli,Bacillales,Staphylococcaceae,Staphylococcus
ASV1974,Bacteria,Acidobacteria,Acidobacteria_Gp3,Gp3,NA,NA
ASV2018,Bacteria,Bacteroidetes,Bacteroidia,Bacteroidales,Rikenellaceae,Alistipes
ASV2020,Bacteria,Bacteroidetes,Bacteroidia,Bacteroidales,Porphyromonadaceae,Parabacteroides
ASV2021,Bacteria,Bacteroidetes,Bacteroidia,Bacteroidales,Rikenellaceae,Alistipes
ASV2082,Bacteria,Firmicutes,Bacilli,Lactobacillales,Enterococcaceae,Enterococcus
ASV2159,Bacteria,Bacteroidetes,Flavobacteriia,Flavobacteriales,NA,NA
ASV2160,Bacteria,Bacteroidetes,Bacteroidia,Bacteroidales,Bacteroidaceae,Bacteroides
ASV2161,Bacteria,Proteobacteria,Gammaproteobacteria,Enterobacteriales,Enterobacteriaceae,NA
ASV2162,Bacteria,Bacteroidetes,Flavobacteriia,Flavobacteriales,Flavobacteriaceae,NA
ASV2214,Bacteria,Bacteroidetes,Flavobacteriia,Flavobacteriales,Flavobacteriaceae,Chryseobacterium
ASV2215,Bacteria,Proteobacteria,Gammaproteobacteria,Enterobacteriales,Enterobacteriaceae,NA
ASV2216,Bacteria,Proteobacteria,Alphaproteobacteria,Rhizobiales,Hyphomicrobiaceae,Devosia
ASV2219,Bacteria,Bacteroidetes,Bacteroidia,Bacteroidales,Bacteroidaceae,Bacteroides
ASV2220,Bacteria,Proteobacteria,Betaproteobacteria,Neisseriales,Neisseriaceae,Neisseria
ASV2293,Bacteria,Bacteroidetes,Bacteroidia,Bacteroidales,Porphyromonadaceae,NA
ASV2294,Bacteria,Bacteroidetes,Flavobacteriia,Flavobacteriales,Flavobacteriaceae,Flavobacterium
ASV2297,Bacteria,Proteobacteria,Gammaproteobacteria,Enterobacteriales,Enterobacteriaceae,NA
ASV2300,Bacteria,Proteobacteria,Betaproteobacteria,Burkholderiales,Alcaligenaceae,Achromobacter
ASV2301,Bacteria,Firmicutes,Clostridia,Clostridiales,Ruminococcaceae,NA
ASV2302,Bacteria,Proteobacteria,Gammaproteobacteria,Enterobacteriales,Enterobacteriaceae,Morganella
ASV2303,Bacteria,Actinobacteria,Actinobacteria,Actinomycetales,Microbacteriaceae,Leucobacter
ASV2384,Bacteria,Bacteroidetes,Flavobacteriia,Flavobacteriales,Flavobacteriaceae,Epilithonimonas
ASV2387,Bacteria,Bacteroidetes,Bacteroidia,Bacteroidales,Porphyromonadaceae,Parabacteroides
ASV2467,Bacteria,Bacteroidetes,Sphingobacteriia,Sphingobacteriales,Sphingobacteriaceae,Sphingobacterium
ASV2468,Bacteria,NA,NA,NA,NA,NA
ASV2469,Bacteria,Proteobacteria,Gammaproteobacteria,Pseudomonadales,Pseudomonadaceae,Pseudomonas
ASV2471,Bacteria,Proteobacteria,Gammaproteobacteria,Pseudomonadales,Moraxellaceae,Acinetobacter
ASV2472,Bacteria,Proteobacteria,Gammaproteobacteria,Pseudomonadales,Pseudomonadaceae,NA
ASV2473,Bacteria,Bacteroidetes,Bacteroidia,Bacteroidales,Rikenellaceae,Alistipes
ASV2474,Bacteria,Proteobacteria,Gammaproteobacteria,Pseudomonadales,Moraxellaceae,Acinetobacter
ASV2586,Bacteria,Proteobacteria,Betaproteobacteria,Burkholderiales,Oxalobacteraceae,Janthinobacterium
ASV2587,Bacteria,Firmicutes,Clostridia,Clostridiales,Lachnospiraceae,Clostridium_XlVa
ASV2588,Bacteria,Proteobacteria,Gammaproteobacteria,Enterobacteriales,Enterobacteriaceae,NA
ASV2592,Bacteria,Bacteroidetes,Bacteroidia,Bacteroidales,Bacteroidaceae,Bacteroides
ASV2593,Bacteria,Firmicutes,Clostridia,Clostridiales,Ruminococcaceae,NA
ASV2594,Bacteria,Proteobacteria,Gammaproteobacteria,Enterobacteriales,Enterobacteriaceae,NA
ASV2597,Bacteria,Proteobacteria,Betaproteobacteria,Burkholderiales,Comamonadaceae,NA
ASV2598,Bacteria,Proteobacteria,NA,NA,NA,NA
ASV2699,Bacteria,Proteobacteria,Alphaproteobacteria,Caulobacterales,Caulobacteraceae,Brevundimonas
ASV2700,Bacteria,Verrucomicrobia,Verrucomicrobiae,Verrucomicrobiales,Verrucomicrobiaceae,Akkermansia
ASV2706,Bacteria,Bacteroidetes,Flavobacteriia,Flavobacteriales,Flavobacteriaceae,NA
ASV2707,Bacteria,Bacteroidetes,Bacteroidia,Bacteroidales,Bacteroidaceae,Anaerorhabdus
ASV2838,Bacteria,Bacteroidetes,Bacteroidia,Bacteroidales,Bacteroidaceae,Bacteroides
ASV2840,Bacteria,Proteobacteria,Gammaproteobacteria,Pseudomonadales,Pseudomonadaceae,Pseudomonas
ASV2841,Bacteria,Actinobacteria,Actinobacteria,Actinomycetales,Micrococcaceae,Kocuria
ASV2842,Bacteria,Proteobacteria,NA,NA,NA,NA
ASV2844,Bacteria,Firmicutes,Bacilli,Lactobacillales,Carnobacteriaceae,Granulicatella
ASV2845,Bacteria,Proteobacteria,Alphaproteobacteria,Rhodospirillales,Acetobacteraceae,Roseomonas
ASV2846,Bacteria,Firmicutes,Clostridia,Clostridiales,Lachnospiraceae,Clostridium_XlVa
ASV2847,Bacteria,Bacteroidetes,Sphingobacteriia,Sphingobacteriales,Sphingobacteriaceae,Sphingobacterium
ASV2997,Bacteria,Proteobacteria,Gammaproteobacteria,Pseudomonadales,Moraxellaceae,Acinetobacter
ASV2998,Bacteria,Bacteroidetes,Bacteroidia,Bacteroidales,Bacteroidaceae,Bacteroides
ASV2999,Bacteria,Bacteroidetes,Bacteroidia,Bacteroidales,Porphyromonadaceae,Dysgonomonas
ASV3000,Bacteria,Bacteroidetes,Sphingobacteriia,Sphingobacteriales,Sphingobacteriaceae,Sphingobacterium
ASV3001,Bacteria,Proteobacteria,Gammaproteobacteria,Xanthomonadales,Xanthomonadaceae,Stenotrophomonas
ASV3007,Bacteria,Bacteroidetes,Flavobacteriia,Flavobacteriales,Flavobacteriaceae,NA
ASV3008,Bacteria,Bacteroidetes,Flavobacteriia,Flavobacteriales,Flavobacteriaceae,NA
ASV3009,Bacteria,Proteobacteria,Alphaproteobacteria,Rhodobacterales,Rhodobacteraceae,NA
ASV3010,Bacteria,Bacteroidetes,Flavobacteriia,Flavobacteriales,Flavobacteriaceae,NA
ASV3011,Bacteria,Proteobacteria,Gammaproteobacteria,NA,NA,NA
ASV3177,Bacteria,Bacteroidetes,Bacteroidia,Bacteroidales,Porphyromonadaceae,Parabacteroides
ASV3181,Bacteria,Bacteroidetes,Sphingobacteriia,Sphingobacteriales,Sphingobacteriaceae,Sphingobacterium
ASV3182,Bacteria,Proteobacteria,Gammaproteobacteria,NA,NA,NA
ASV3184,Bacteria,NA,NA,NA,NA,NA
ASV3185,Bacteria,Actinobacteria,Actinobacteria,Actinomycetales,Micrococcaceae,Arthrobacter
ASV3186,Bacteria,Proteobacteria,Gammaproteobacteria,Pseudomonadales,Pseudomonadaceae,NA
ASV3187,Bacteria,Lentisphaerae,Lentisphaeria,Victivallales,Victivallaceae,Victivallis
ASV3188,Bacteria,Bacteroidetes,Flavobacteriia,Flavobacteriales,Flavobacteriaceae,NA
ASV3381,Bacteria,Bacteroidetes,Bacteroidia,Bacteroidales,Rikenellaceae,NA
ASV3386,Bacteria,Proteobacteria,Gammaproteobacteria,Xanthomonadales,Xanthomonadaceae,Stenotrophomonas
ASV3387,Bacteria,Proteobacteria,Betaproteobacteria,Burkholderiales,Oxalobacteraceae,Janthinobacterium
ASV3388,Bacteria,NA,NA,NA,NA,NA
ASV3389,Bacteria,Proteobacteria,Gammaproteobacteria,Pseudomonadales,Pseudomonadaceae,Pseudomonas
ASV3390,Bacteria,Firmicutes,Negativicutes,Selenomonadales,Acidaminococcaceae,NA
ASV3391,Bacteria,Acidobacteria,Acidobacteria_Gp17,Gp17,NA,NA
ASV3392,Bacteria,Bacteroidetes,Flavobacteriia,Flavobacteriales,Flavobacteriaceae,Epilithonimonas
ASV3393,Bacteria,Proteobacteria,Gammaproteobacteria,Enterobacteriales,Enterobacteriaceae,Cronobacter
ASV3394,Bacteria,Proteobacteria,Gammaproteobacteria,Pseudomonadales,Pseudomonadaceae,NA
ASV3396,Bacteria,Actinobacteria,Actinobacteria,Actinomycetales,Microbacteriaceae,Leucobacter
ASV3397,Bacteria,Proteobacteria,Gammaproteobacteria,Alteromonadales,Idiomarinaceae,Aliidiomarina
ASV3401,Bacteria,Bacteroidetes,Flavobacteriia,Flavobacteriales,Flavobacteriaceae,Chryseobacterium
ASV3402,Bacteria,Proteobacteria,Gammaproteobacteria,Pseudomonadales,Moraxellaceae,Acinetobacter
ASV3404,Bacteria,Bacteroidetes,Sphingobacteriia,Sphingobacteriales,Sphingobacteriaceae,Sphingobacterium
ASV3405,Bacteria,Bacteroidetes,Sphingobacteriia,Sphingobacteriales,Sphingobacteriaceae,Sphingobacterium
ASV3410,Bacteria,Bacteroidetes,Bacteroidia,Bacteroidales,Porphyromonadaceae,Odoribacter
ASV3411,Bacteria,Bacteroidetes,Bacteroidia,Bacteroidales,Bacteroidaceae,Bacteroides
ASV3412,Bacteria,Proteobacteria,Betaproteobacteria,Burkholderiales,Comamonadaceae,NA
ASV3413,Bacteria,Proteobacteria,Betaproteobacteria,Burkholderiales,NA,NA
ASV3647,Bacteria,Proteobacteria,Betaproteobacteria,Burkholderiales,Oxalobacteraceae,Janthinobacterium
ASV3648,Bacteria,Proteobacteria,Gammaproteobacteria,Pseudomonadales,Moraxellaceae,Acinetobacter
ASV3655,Bacteria,Bacteroidetes,Bacteroidia,Bacteroidales,Porphyromonadaceae,NA
ASV3656,Bacteria,Bacteroidetes,Bacteroidia,Bacteroidales,Porphyromonadaceae,Odoribacter
ASV3657,Bacteria,Actinobacteria,Actinobacteria,Actinomycetales,Brevibacteriaceae,Brevibacterium
ASV3658,Bacteria,Proteobacteria,Betaproteobacteria,Burkholderiales,NA,NA
ASV3659,Bacteria,Bacteroidetes,Bacteroidia,Bacteroidales,Porphyromonadaceae,Parabacteroides
ASV3660,Bacteria,Proteobacteria,Gammaproteobacteria,Enterobacteriales,Enterobacteriaceae,NA
ASV3663,Bacteria,Bacteroidetes,Flavobacteriia,Flavobacteriales,Flavobacteriaceae,Chryseobacterium
ASV3664,Bacteria,Proteobacteria,Alphaproteobacteria,Rhodobacterales,Rhodobacteraceae,NA
ASV3665,Bacteria,Proteobacteria,Gammaproteobacteria,Pseudomonadales,Moraxellaceae,Acinetobacter
ASV3669,Bacteria,Bacteroidetes,Flavobacteriia,Flavobacteriales,Flavobacteriaceae,Flavobacterium
ASV3674,Bacteria,Proteobacteria,Betaproteobacteria,Burkholderiales,Oxalobacteraceae,NA
ASV3675,Bacteria,Bacteroidetes,Bacteroidia,Bacteroidales,Rikenellaceae,Mucinivorans
ASV3676,Bacteria,Proteobacteria,Betaproteobacteria,Burkholderiales,Comamonadaceae,NA
ASV3677,Bacteria,Bacteroidetes,Flavobacteriia,Flavobacteriales,Flavobacteriaceae,Flavobacterium
ASV3678,Bacteria,Proteobacteria,Gammaproteobacteria,Xanthomonadales,Xanthomonadaceae,Stenotrophomonas
ASV3679,Bacteria,Proteobacteria,Betaproteobacteria,Burkholderiales,Oxalobacteraceae,Janthinobacterium
ASV3680,Bacteria,NA,NA,NA,NA,NA
ASV3681,Bacteria,Proteobacteria,Gammaproteobacteria,Pseudomonadales,Moraxellaceae,Acinetobacter
ASV3964,Bacteria,Proteobacteria,Gammaproteobacteria,Pseudomonadales,Moraxellaceae,Acinetobacter
ASV3965,Bacteria,Bacteroidetes,Cytophagia,Cytophagales,Cytophagaceae,Dyadobacter
ASV3977,Bacteria,Bacteroidetes,Sphingobacteriia,Sphingobacteriales,Sphingobacteriaceae,Sphingobacterium
ASV3978,Bacteria,Bacteroidetes,Sphingobacteriia,Sphingobacteriales,Sphingobacteriaceae,Sphingobacterium
ASV3979,Bacteria,Proteobacteria,Betaproteobacteria,Burkholderiales,NA,NA
ASV3980,Bacteria,Proteobacteria,Alphaproteobacteria,Rhodospirillales,Rhodospirillaceae,Aestuariispira
ASV3981,Bacteria,Bacteroidetes,Sphingobacteriia,Sphingobacteriales,Sphingobacteriaceae,Sphingobacterium
ASV3982,Bacteria,Actinobacteria,Actinobacteria,Actinomycetales,Microbacteriaceae,Leucobacter
ASV3983,Bacteria,Bacteroidetes,Bacteroidia,Bacteroidales,Bacteroidaceae,Bacteroides
ASV3984,Bacteria,Bacteroidetes,Bacteroidia,Bacteroidales,Bacteroidaceae,Anaerorhabdus
ASV3985,Bacteria,Bacteroidetes,Sphingobacteriia,Sphingobacteriales,Sphingobacteriaceae,Sphingobacterium
ASV3986,Bacteria,NA,NA,NA,NA,NA
ASV3987,Bacteria,Firmicutes,Clostridia,Clostridiales,Lachnospiraceae,Clostridium_XlVa
ASV3988,Bacteria,Proteobacteria,Gammaproteobacteria,Pseudomonadales,Pseudomonadaceae,NA
ASV3989,Bacteria,Firmicutes,Erysipelotrichia,Erysipelotrichales,Erysipelotrichaceae,Clostridium_XVIII
ASV3990,Bacteria,Proteobacteria,Betaproteobacteria,Burkholderiales,Comamonadaceae,NA
ASV3991,Bacteria,Proteobacteria,Gammaproteobacteria,Pseudomonadales,Moraxellaceae,Acinetobacter
ASV3993,Bacteria,Bacteroidetes,Flavobacteriia,Flavobacteriales,Flavobacteriaceae,Chryseobacterium
ASV3999,Bacteria,Proteobacteria,Gammaproteobacteria,Pseudomonadales,Pseudomonadaceae,NA
ASV4000,Bacteria,Bacteroidetes,Flavobacteriia,Flavobacteriales,Flavobacteriaceae,NA
ASV4001,Bacteria,Proteobacteria,Betaproteobacteria,Burkholderiales,Comamonadaceae,NA
ASV4002,Bacteria,Bacteroidetes,Flavobacteriia,Flavobacteriales,Flavobacteriaceae,Chryseobacterium
ASV4003,Bacteria,Proteobacteria,Gammaproteobacteria,Pseudomonadales,Moraxellaceae,Acinetobacter
ASV4004,Bacteria,Proteobacteria,Deltaproteobacteria,Bdellovibrionales,Bacteriovoracaceae,Bacteriovorax
ASV4005,Bacteria,Proteobacteria,Betaproteobacteria,Burkholderiales,Oxalobacteraceae,Duganella
ASV4008,Bacteria,Proteobacteria,Deltaproteobacteria,Bdellovibrionales,Bacteriovoracaceae,Peredibacter
ASV4016,Bacteria,Bacteroidetes,Bacteroidia,Bacteroidales,Porphyromonadaceae,Odoribacter
ASV4017,Bacteria,Proteobacteria,Gammaproteobacteria,Pseudomonadales,Moraxellaceae,Acinetobacter
ASV4018,Bacteria,Proteobacteria,Gammaproteobacteria,Xanthomonadales,Xanthomonadaceae,Stenotrophomonas
ASV4019,Bacteria,Bacteroidetes,Bacteroidia,Bacteroidales,Bacteroidaceae,Bacteroides
ASV4020,Bacteria,Proteobacteria,Gammaproteobacteria,Enterobacteriales,Enterobacteriaceae,NA
ASV4395,Bacteria,Bacteroidetes,Flavobacteriia,Flavobacteriales,Flavobacteriaceae,NA
ASV4396,Bacteria,Proteobacteria,Alphaproteobacteria,Rhizobiales,Hyphomicrobiaceae,Devosia
ASV4397,Bacteria,Proteobacteria,Gammaproteobacteria,Enterobacteriales,Enterobacteriaceae,NA
ASV4398,Bacteria,Proteobacteria,Alphaproteobacteria,Rhodobacterales,Rhodobacteraceae,Paracoccus
ASV4405,Bacteria,Firmicutes,Bacilli,Bacillales,Bacillaceae_1,Geobacillus
ASV4406,Bacteria,Bacteroidetes,Flavobacteriia,Flavobacteriales,Flavobacteriaceae,NA
ASV4407,Bacteria,Proteobacteria,Alphaproteobacteria,Sphingomonadales,Erythrobacteraceae,NA
ASV4408,Bacteria,Proteobacteria,Gammaproteobacteria,Xanthomonadales,Xanthomonadaceae,Stenotrophomonas
ASV4409,Bacteria,Actinobacteria,Actinobacteria,Actinomycetales,Corynebacteriaceae,Corynebacterium
ASV4410,Bacteria,Proteobacteria,Gammaproteobacteria,Pseudomonadales,Pseudomonadaceae,Pseudomonas
ASV4411,Bacteria,Proteobacteria,Gammaproteobacteria,Oceanospirillales,Halomonadaceae,Halomonas
ASV4412,Bacteria,Proteobacteria,Gammaproteobacteria,Pseudomonadales,Moraxellaceae,NA
ASV4413,Bacteria,Bacteroidetes,Flavobacteriia,Flavobacteriales,Flavobacteriaceae,Chryseobacterium
ASV4431,Bacteria,Proteobacteria,Gammaproteobacteria,Pseudomonadales,Pseudomonadaceae,Azomonas
ASV4432,Bacteria,Proteobacteria,Gammaproteobacteria,Enterobacteriales,Enterobacteriaceae,NA
ASV4433,Bacteria,Proteobacteria,Gammaproteobacteria,NA,NA,NA
ASV4435,Bacteria,Proteobacteria,Gammaproteobacteria,Pseudomonadales,Moraxellaceae,Acinetobacter
ASV4436,Bacteria,Proteobacteria,Gammaproteobacteria,NA,NA,NA
ASV4443,Bacteria,Proteobacteria,Gammaproteobacteria,Pseudomonadales,Moraxellaceae,Acinetobacter
ASV4444,Bacteria,Bacteroidetes,Flavobacteriia,Flavobacteriales,Flavobacteriaceae,Chryseobacterium
ASV4445,Bacteria,Actinobacteria,Actinobacteria,Actinomycetales,Micrococcaceae,Arthrobacter
ASV4446,Bacteria,Proteobacteria,Betaproteobacteria,NA,NA,NA
ASV4447,Bacteria,NA,NA,NA,NA,NA
ASV4856,Bacteria,Proteobacteria,Gammaproteobacteria,Oceanospirillales,Halomonadaceae,Halomonas
ASV4857,Bacteria,Bacteroidetes,Flavobacteriia,Flavobacteriales,Flavobacteriaceae,Flavobacterium
ASV4858,Bacteria,Proteobacteria,Betaproteobacteria,Burkholderiales,Comamonadaceae,Xenophilus
ASV4859,Bacteria,Proteobacteria,Gammaproteobacteria,Oceanospirillales,Halomonadaceae,Halomonas
ASV4865,Bacteria,Bacteroidetes,Sphingobacteriia,Sphingobacteriales,Sphingobacteriaceae,Sphingobacterium
ASV4866,Bacteria,Bacteroidetes,Flavobacteriia,Flavobacteriales,Flavobacteriaceae,Epilithonimonas
ASV4867,Bacteria,Verrucomicrobia,Verrucomicrobiae,Verrucomicrobiales,Verrucomicrobiaceae,Akkermansia
ASV4868,Bacteria,Proteobacteria,Betaproteobacteria,NA,NA,NA
ASV4869,Bacteria,Bacteroidetes,Flavobacteriia,Flavobacteriales,Flavobacteriaceae,Soonwooa
ASV4870,Bacteria,Bacteroidetes,Flavobacteriia,Flavobacteriales,Flavobacteriaceae,Epilithonimonas
ASV4871,Bacteria,Proteobacteria,Gammaproteobacteria,Pseudomonadales,Pseudomonadaceae,Pseudomonas
ASV4872,Bacteria,Bacteroidetes,Sphingobacteriia,Sphingobacteriales,Sphingobacteriaceae,Sphingobacterium
ASV4873,Bacteria,Proteobacteria,Alphaproteobacteria,Rhodobacterales,Rhodobacteraceae,Albirhodobacter
ASV4874,Bacteria,Proteobacteria,Gammaproteobacteria,Pseudomonadales,Moraxellaceae,NA
ASV4875,Bacteria,Bacteroidetes,Bacteroidia,Bacteroidales,NA,NA
ASV4876,Bacteria,Proteobacteria,Betaproteobacteria,Burkholderiales,Oxalobacteraceae,Janthinobacterium
ASV4877,Bacteria,Proteobacteria,Gammaproteobacteria,Pseudomonadales,Pseudomonadaceae,NA
ASV4878,Bacteria,Bacteroidetes,Sphingobacteriia,Sphingobacteriales,Sphingobacteriaceae,Sphingobacterium
ASV4879,Bacteria,Bacteroidetes,Flavobacteriia,Flavobacteriales,Flavobacteriaceae,Chryseobacterium
ASV4880,Bacteria,Proteobacteria,Gammaproteobacteria,Pseudomonadales,Pseudomonadaceae,NA
ASV4881,Bacteria,Bacteroidetes,Bacteroidia,Bacteroidales,Porphyromonadaceae,NA
ASV4882,Bacteria,Proteobacteria,Alphaproteobacteria,Rhodobacterales,Rhodobacteraceae,NA
ASV4888,Bacteria,Firmicutes,Clostridia,Clostridiales,Clostridiaceae_1,Anaerobacter
ASV4889,Bacteria,Actinobacteria,Actinobacteria,Gaiellales,Gaiellaceae,Gaiella
ASV4890,Bacteria,Proteobacteria,Alphaproteobacteria,Rhizobiales,Rhizobiaceae,Neorhizobium
ASV4902,Bacteria,Proteobacteria,Gammaproteobacteria,Enterobacteriales,Enterobacteriaceae,NA
ASV4903,Bacteria,Bacteroidetes,Bacteroidia,Bacteroidales,Bacteroidaceae,Bacteroides
ASV4904,Bacteria,Proteobacteria,Alphaproteobacteria,Caulobacterales,Caulobacteraceae,Brevundimonas
ASV4905,Bacteria,Bacteroidetes,Cytophagia,Cytophagales,Cytophagaceae,Dyadobacter
ASV4906,Bacteria,Bacteroidetes,Cytophagia,Cytophagales,Cytophagaceae,Dyadobacter
ASV4907,Bacteria,Proteobacteria,Gammaproteobacteria,Pseudomonadales,Moraxellaceae,Acinetobacter
ASV4908,Bacteria,Bacteroidetes,Flavobacteriia,Flavobacteriales,Flavobacteriaceae,NA
ASV4909,Bacteria,Bacteroidetes,Flavobacteriia,Flavobacteriales,Flavobacteriaceae,Flavobacterium
ASV4910,Bacteria,Firmicutes,Bacilli,Lactobacillales,Enterococcaceae,Enterococcus
ASV4911,Bacteria,Proteobacteria,Gammaproteobacteria,Pseudomonadales,Pseudomonadaceae,Pseudomonas
ASV4912,Bacteria,Proteobacteria,Alphaproteobacteria,Rhizobiales,Hyphomicrobiaceae,Devosia
ASV4913,Bacteria,Proteobacteria,Gammaproteobacteria,Enterobacteriales,Enterobacteriaceae,NA
ASV4914,Bacteria,Proteobacteria,Gammaproteobacteria,Pseudomonadales,Moraxellaceae,Acinetobacter
ASV4917,Bacteria,Actinobacteria,Actinobacteria,Actinomycetales,Micrococcaceae,Kocuria
ASV4918,Bacteria,Proteobacteria,Gammaproteobacteria,Pseudomonadales,Moraxellaceae,Acinetobacter
ASV4920,Bacteria,Bacteroidetes,Flavobacteriia,Flavobacteriales,Flavobacteriaceae,Chryseobacterium
ASV4932,Bacteria,Bacteroidetes,NA,NA,NA,NA
ASV4933,Bacteria,Proteobacteria,Gammaproteobacteria,Pseudomonadales,NA,NA
ASV4934,Bacteria,Proteobacteria,Gammaproteobacteria,NA,NA,NA
ASV4935,Bacteria,Bacteroidetes,Flavobacteriia,Flavobacteriales,Flavobacteriaceae,Flavobacterium
ASV4936,Bacteria,Bacteroidetes,Bacteroidia,Bacteroidales,Porphyromonadaceae,Coprobacter
ASV4938,Bacteria,NA,NA,NA,NA,NA
ASV4939,Bacteria,Proteobacteria,Alphaproteobacteria,Rhizobiales,Hyphomicrobiaceae,Devosia
ASV4940,Bacteria,Actinobacteria,Actinobacteria,Actinomycetales,Corynebacteriaceae,Corynebacterium
ASV4941,Bacteria,Bacteroidetes,Bacteroidia,Bacteroidales,Bacteroidaceae,Bacteroides
ASV4942,Bacteria,Proteobacteria,Alphaproteobacteria,Rhizobiales,Rhizobiaceae,NA
ASV4943,Bacteria,Proteobacteria,Alphaproteobacteria,Rhodobacterales,Rhodobacteraceae,Gemmobacter
ASV4944,Bacteria,Proteobacteria,Gammaproteobacteria,NA,NA,NA
ASV4945,Bacteria,NA,NA,NA,NA,NA
ASV4946,Bacteria,Bacteroidetes,Flavobacteriia,Flavobacteriales,Flavobacteriaceae,Epilithonimonas
ASV4947,Bacteria,Proteobacteria,Gammaproteobacteria,Pseudomonadales,Moraxellaceae,NA
ASV5478,Bacteria,Proteobacteria,Alphaproteobacteria,Rhizobiales,Hyphomicrobiaceae,Devosia
ASV5484,Bacteria,Bacteroidetes,Sphingobacteriia,Sphingobacteriales,Sphingobacteriaceae,Sphingobacterium
ASV5485,Bacteria,Proteobacteria,Gammaproteobacteria,Oceanospirillales,Halomonadaceae,Halomonas
ASV5486,Bacteria,Bacteroidetes,Flavobacteriia,Flavobacteriales,Flavobacteriaceae,Soonwooa
ASV5487,Bacteria,Proteobacteria,Gammaproteobacteria,Xanthomonadales,Xanthomonadaceae,Stenotrophomonas
ASV5488,Bacteria,Proteobacteria,Betaproteobacteria,Burkholderiales,Oxalobacteraceae,Janthinobacterium
ASV5489,Bacteria,Proteobacteria,Alphaproteobacteria,Sphingomonadales,Erythrobacteraceae,Erythrobacter
ASV5490,Bacteria,Firmicutes,Clostridia,Clostridiales,Lachnospiraceae,Clostridium_XlVa
ASV5491,Bacteria,Proteobacteria,Gammaproteobacteria,Alteromonadales,Alteromonadaceae,Marinobacter
ASV5492,Bacteria,Proteobacteria,Alphaproteobacteria,Rhodobacterales,Rhodobacteraceae,NA
ASV5493,Bacteria,Proteobacteria,Alphaproteobacteria,Rhizobiales,Brucellaceae,NA
ASV5494,Bacteria,Bacteroidetes,NA,NA,NA,NA
ASV5495,Bacteria,Proteobacteria,Alphaproteobacteria,NA,NA,NA
ASV5496,Bacteria,Proteobacteria,Alphaproteobacteria,Rhizobiales,Brucellaceae,Pseudochrobactrum
ASV5497,Bacteria,Proteobacteria,Betaproteobacteria,Burkholderiales,NA,NA
ASV5498,Bacteria,Bacteroidetes,Flavobacteriia,Flavobacteriales,Flavobacteriaceae,Epilithonimonas
ASV5499,Bacteria,Proteobacteria,Gammaproteobacteria,Enterobacteriales,Enterobacteriaceae,NA
ASV5500,Bacteria,Bacteroidetes,Bacteroidia,Bacteroidales,Porphyromonadaceae,Parabacteroides
ASV5501,Bacteria,Bacteroidetes,Flavobacteriia,Flavobacteriales,Flavobacteriaceae,Soonwooa
ASV5502,Bacteria,Bacteroidetes,Cytophagia,Cytophagales,Cytophagaceae,Dyadobacter
ASV5503,Bacteria,Proteobacteria,Alphaproteobacteria,Rhodobacterales,Rhodobacteraceae,Paracoccus
ASV5504,Bacteria,Actinobacteria,Actinobacteria,Actinomycetales,NA,NA
ASV5505,Bacteria,Proteobacteria,Betaproteobacteria,Burkholderiales,Burkholderiales_incertae_sedis,NA
ASV5506,Bacteria,Proteobacteria,Gammaproteobacteria,Chromatiales,Chromatiaceae,Rheinheimera
ASV5507,Bacteria,Proteobacteria,Gammaproteobacteria,Pseudomonadales,NA,NA
ASV5515,Bacteria,Proteobacteria,Alphaproteobacteria,Sphingomonadales,Sphingomonadaceae,Sphingomonas
ASV5516,Bacteria,Proteobacteria,Alphaproteobacteria,Rhodobacterales,Rhodobacteraceae,NA
ASV5517,Bacteria,Bacteroidetes,Bacteroidia,Bacteroidales,Marinilabiliaceae,NA
ASV5533,Bacteria,Proteobacteria,Gammaproteobacteria,Enterobacteriales,Enterobacteriaceae,NA
ASV5534,Bacteria,Bacteroidetes,Flavobacteriia,Flavobacteriales,Flavobacteriaceae,NA
ASV5535,Bacteria,Proteobacteria,Betaproteobacteria,Burkholderiales,Alcaligenaceae,Advenella
ASV5536,Bacteria,Proteobacteria,Alphaproteobacteria,Rhizobiales,Hyphomicrobiaceae,Devosia
ASV5537,Bacteria,Bacteroidetes,Flavobacteriia,Flavobacteriales,Flavobacteriaceae,Chryseobacterium
ASV5538,Bacteria,Bacteroidetes,Flavobacteriia,Flavobacteriales,Flavobacteriaceae,Chryseobacterium
ASV5539,Bacteria,Spirochaetes,Spirochaetia,Spirochaetales,Spirochaetaceae,Treponema
ASV5540,Bacteria,Bacteroidetes,Flavobacteriia,Flavobacteriales,Flavobacteriaceae,Flavobacterium
ASV5541,Bacteria,Proteobacteria,Betaproteobacteria,Burkholderiales,Comamonadaceae,NA
ASV5542,Bacteria,Proteobacteria,Gammaproteobacteria,Enterobacteriales,Enterobacteriaceae,NA
ASV5543,Bacteria,Bacteroidetes,Flavobacteriia,Flavobacteriales,Flavobacteriaceae,Chryseobacterium
ASV5544,Bacteria,Proteobacteria,Deltaproteobacteria,Bdellovibrionales,Bacteriovoracaceae,Bacteriovorax
ASV5545,Bacteria,Bacteroidetes,Sphingobacteriia,Sphingobacteriales,Sphingobacteriaceae,Sphingobacterium
ASV5546,Bacteria,Proteobacteria,Gammaproteobacteria,Pseudomonadales,Pseudomonadaceae,Pseudomonas
ASV5547,Bacteria,Proteobacteria,Alphaproteobacteria,Rhodobacterales,Rhodobacteraceae,NA
ASV5548,Bacteria,Proteobacteria,Gammaproteobacteria,Pseudomonadales,Moraxellaceae,Acinetobacter
ASV5553,Bacteria,Bacteroidetes,Bacteroidia,Bacteroidales,Bacteroidaceae,Bacteroides
ASV5557,Bacteria,Proteobacteria,Alphaproteobacteria,Rhizobiales,Phyllobacteriaceae,Aminobacter
ASV5558,Bacteria,Proteobacteria,Gammaproteobacteria,Xanthomonadales,Xanthomonadaceae,Stenotrophomonas
ASV5559,Bacteria,Proteobacteria,Betaproteobacteria,NA,NA,NA
ASV5572,Bacteria,Bacteroidetes,Bacteroidia,Bacteroidales,Rikenellaceae,NA
ASV5573,Bacteria,Firmicutes,Clostridia,Clostridiales,Natranaerovirga,NA
ASV5574,Bacteria,Proteobacteria,Gammaproteobacteria,Enterobacteriales,Enterobacteriaceae,NA
ASV5575,Bacteria,Proteobacteria,Gammaproteobacteria,Xanthomonadales,Xanthomonadaceae,Stenotrophomonas
ASV5576,Bacteria,Bacteroidetes,Flavobacteriia,Flavobacteriales,Flavobacteriaceae,NA
ASV5577,Bacteria,Bacteroidetes,Flavobacteriia,Flavobacteriales,Flavobacteriaceae,Chryseobacterium
ASV5578,Bacteria,Bacteroidetes,Sphingobacteriia,Sphingobacteriales,Sphingobacteriaceae,Sphingobacterium
ASV5579,Bacteria,Bacteroidetes,Flavobacteriia,Flavobacteriales,Flavobacteriaceae,Epilithonimonas
ASV5580,Bacteria,Bacteroidetes,Flavobacteriia,Flavobacteriales,Flavobacteriaceae,Epilithonimonas
ASV5581,Bacteria,Bacteroidetes,Flavobacteriia,Flavobacteriales,Flavobacteriaceae,Chryseobacterium
ASV5582,Bacteria,Bacteroidetes,Flavobacteriia,Flavobacteriales,Flavobacteriaceae,NA
ASV5583,Bacteria,Proteobacteria,Betaproteobacteria,Burkholderiales,NA,NA
ASV5584,Bacteria,Firmicutes,Bacilli,Lactobacillales,Streptococcaceae,Lactococcus
ASV5585,Bacteria,NA,NA,NA,NA,NA
ASV5586,Bacteria,Proteobacteria,Gammaproteobacteria,Pseudomonadales,Moraxellaceae,Acinetobacter
ASV5587,Bacteria,Proteobacteria,Gammaproteobacteria,Pseudomonadales,Moraxellaceae,Acinetobacter
ASV6319,Bacteria,Bacteroidetes,Sphingobacteriia,Sphingobacteriales,Sphingobacteriaceae,Sphingobacterium
ASV6320,Bacteria,Bacteroidetes,Sphingobacteriia,Sphingobacteriales,Sphingobacteriaceae,Sphingobacterium
ASV6321,Bacteria,Proteobacteria,Gammaproteobacteria,NA,NA,NA
ASV6322,Bacteria,Proteobacteria,Gammaproteobacteria,NA,NA,NA
ASV6332,Bacteria,Bacteroidetes,Flavobacteriia,Flavobacteriales,Flavobacteriaceae,NA
ASV6333,Bacteria,Proteobacteria,Gammaproteobacteria,NA,NA,NA
ASV6334,Bacteria,Proteobacteria,Alphaproteobacteria,NA,NA,NA
ASV6335,Bacteria,Proteobacteria,Gammaproteobacteria,Pseudomonadales,Moraxellaceae,Acinetobacter
ASV6336,Bacteria,Proteobacteria,Gammaproteobacteria,Pseudomonadales,Moraxellaceae,Alkanindiges
ASV6337,Bacteria,Bacteroidetes,Flavobacteriia,Flavobacteriales,Flavobacteriaceae,NA
ASV6338,Bacteria,Proteobacteria,Betaproteobacteria,Burkholderiales,Comamonadaceae,Xenophilus
ASV6339,Bacteria,Proteobacteria,Gammaproteobacteria,Enterobacteriales,Enterobacteriaceae,NA
ASV6340,Bacteria,Bacteroidetes,Flavobacteriia,Flavobacteriales,Flavobacteriaceae,Flavobacterium
ASV6341,Bacteria,Bacteroidetes,Sphingobacteriia,Sphingobacteriales,Sphingobacteriaceae,NA
ASV6342,Bacteria,Proteobacteria,Betaproteobacteria,Burkholderiales,Comamonadaceae,NA
ASV6343,Bacteria,Firmicutes,Bacilli,Lactobacillales,Enterococcaceae,NA
ASV6344,Bacteria,Proteobacteria,Gammaproteobacteria,NA,NA,NA
ASV6345,Bacteria,Proteobacteria,Gammaproteobacteria,Enterobacteriales,Enterobacteriaceae,NA
ASV6346,Bacteria,Proteobacteria,Gammaproteobacteria,Pseudomonadales,Moraxellaceae,NA
ASV6347,Bacteria,Actinobacteria,Actinobacteria,Actinomycetales,Micrococcaceae,Kocuria
ASV6348,Bacteria,Bacteroidetes,Flavobacteriia,Flavobacteriales,Flavobacteriaceae,Empedobacter
ASV6349,Bacteria,Proteobacteria,Betaproteobacteria,Burkholderiales,Comamonadaceae,Pelomonas
ASV6350,Bacteria,Bacteroidetes,Bacteroidia,Bacteroidales,Bacteroidaceae,Bacteroides
ASV6351,Bacteria,Proteobacteria,Gammaproteobacteria,Pseudomonadales,Moraxellaceae,Acinetobacter
ASV6352,Bacteria,Bacteroidetes,Sphingobacteriia,Sphingobacteriales,Sphingobacteriaceae,NA
ASV6353,Bacteria,Proteobacteria,Alphaproteobacteria,Rhizobiales,NA,NA
ASV6354,Bacteria,Proteobacteria,Gammaproteobacteria,Pseudomonadales,Pseudomonadaceae,NA
ASV6355,Bacteria,Proteobacteria,Betaproteobacteria,NA,NA,NA
ASV6356,Bacteria,Proteobacteria,Gammaproteobacteria,Xanthomonadales,Xanthomonadaceae,Stenotrophomonas
ASV6357,Bacteria,Bacteroidetes,Cytophagia,Cytophagales,Cytophagaceae,Dyadobacter
ASV6358,Bacteria,Proteobacteria,Alphaproteobacteria,Caulobacterales,Caulobacteraceae,Brevundimonas
ASV6359,Bacteria,Proteobacteria,Alphaproteobacteria,NA,NA,NA
ASV6360,Bacteria,Proteobacteria,Alphaproteobacteria,Caulobacterales,Caulobacteraceae,Brevundimonas
ASV6371,Bacteria,Proteobacteria,Gammaproteobacteria,Pseudomonadales,Moraxellaceae,NA
ASV6372,Bacteria,Proteobacteria,Gammaproteobacteria,Pseudomonadales,Pseudomonadaceae,Pseudomonas
ASV6373,Bacteria,Proteobacteria,Gammaproteobacteria,Pseudomonadales,Moraxellaceae,Acinetobacter
ASV6389,Bacteria,Proteobacteria,Gammaproteobacteria,Aeromonadales,Aeromonadaceae,Aeromonas
ASV6390,Bacteria,Proteobacteria,Gammaproteobacteria,Pseudomonadales,Pseudomonadaceae,Pseudomonas
ASV6391,Bacteria,Bacteroidetes,Flavobacteriia,Flavobacteriales,Flavobacteriaceae,NA
ASV6392,Bacteria,Deinococcus-Thermus,Deinococci,Deinococcales,Trueperaceae,Truepera
ASV6393,Bacteria,Proteobacteria,Betaproteobacteria,Methylophilales,Methylophilaceae,Methylotenera
ASV6394,Bacteria,Proteobacteria,Betaproteobacteria,Burkholderiales,Comamonadaceae,NA
ASV6395,Bacteria,Firmicutes,Clostridia,Clostridiales,Lachnospiraceae,NA
ASV6396,Bacteria,Bacteroidetes,Cytophagia,Cytophagales,Cytophagaceae,Dyadobacter
ASV6397,Bacteria,NA,NA,NA,NA,NA
ASV6398,Bacteria,NA,NA,NA,NA,NA
ASV6399,Bacteria,Proteobacteria,Alphaproteobacteria,Rhizobiales,Rhizobiaceae,Rhizobium
ASV6400,Bacteria,Bacteroidetes,Bacteroidia,Bacteroidales,Bacteroidaceae,Bacteroides
ASV6402,Bacteria,Proteobacteria,Alphaproteobacteria,Rhizobiales,Rhizobiaceae,Neorhizobium
ASV6403,Bacteria,Proteobacteria,Alphaproteobacteria,Caulobacterales,Caulobacteraceae,Brevundimonas
ASV6404,Bacteria,Proteobacteria,Gammaproteobacteria,Xanthomonadales,Xanthomonadaceae,Stenotrophomonas
ASV6405,Bacteria,Proteobacteria,Gammaproteobacteria,Pseudomonadales,Moraxellaceae,Acinetobacter
ASV6406,Bacteria,Proteobacteria,Gammaproteobacteria,Pseudomonadales,Moraxellaceae,NA
ASV6407,Bacteria,Bacteroidetes,Bacteroidia,Bacteroidales,Bacteroidaceae,Bacteroides
ASV6408,Bacteria,Proteobacteria,Gammaproteobacteria,Pseudomonadales,Pseudomonadaceae,NA
ASV6409,Bacteria,Proteobacteria,Betaproteobacteria,Methylophilales,Methylophilaceae,Methylophilus
ASV6410,Bacteria,Proteobacteria,Alphaproteobacteria,Rhodobacterales,Rhodobacteraceae,NA
ASV6411,Bacteria,Proteobacteria,Gammaproteobacteria,Enterobacteriales,Enterobacteriaceae,NA
ASV6412,Bacteria,Firmicutes,Clostridia,Clostridiales,NA,NA
ASV6413,Bacteria,Bacteroidetes,Flavobacteriia,Flavobacteriales,Flavobacteriaceae,Chryseobacterium
ASV6414,Bacteria,Proteobacteria,Alphaproteobacteria,Rhodobacterales,Rhodobacteraceae,NA
ASV6422,Bacteria,Firmicutes,Bacilli,Lactobacillales,Enterococcaceae,Enterococcus
ASV6423,Bacteria,Firmicutes,Clostridia,Clostridiales,Ruminococcaceae,Clostridium_IV
ASV6424,Bacteria,Bacteroidetes,Flavobacteriia,Flavobacteriales,Flavobacteriaceae,Chryseobacterium
ASV6425,Bacteria,Proteobacteria,Betaproteobacteria,Methylophilales,Methylophilaceae,Methylophilus
ASV6426,Bacteria,Proteobacteria,Alphaproteobacteria,Rhodobacterales,Rhodobacteraceae,NA
ASV6427,Bacteria,Proteobacteria,Gammaproteobacteria,Pseudomonadales,Moraxellaceae,Acinetobacter
ASV6447,Bacteria,Bacteroidetes,Flavobacteriia,Flavobacteriales,Flavobacteriaceae,Chryseobacterium
ASV6448,Bacteria,Proteobacteria,Betaproteobacteria,Methylophilales,Methylophilaceae,Methylophilus
ASV6449,Bacteria,Spirochaetes,Spirochaetia,Spirochaetales,Spirochaetaceae,Treponema
ASV6450,Bacteria,Bacteroidetes,Flavobacteriia,Flavobacteriales,Flavobacteriaceae,Flavobacterium
ASV6451,Bacteria,Proteobacteria,Gammaproteobacteria,Pseudomonadales,Moraxellaceae,Acinetobacter
ASV6452,Bacteria,Bacteroidetes,Flavobacteriia,Flavobacteriales,Flavobacteriaceae,NA
ASV6453,Bacteria,Bacteroidetes,Bacteroidia,Bacteroidales,Bacteroidaceae,Bacteroides
ASV6454,Bacteria,Actinobacteria,Actinobacteria,Actinomycetales,Micrococcaceae,Citricoccus
ASV6455,Bacteria,Proteobacteria,Alphaproteobacteria,Rhizobiales,Rhizobiaceae,Neorhizobium
ASV6456,Bacteria,Proteobacteria,Gammaproteobacteria,Pseudomonadales,Moraxellaceae,Acinetobacter
ASV6457,Bacteria,Proteobacteria,Alphaproteobacteria,NA,NA,NA
ASV6458,Bacteria,Proteobacteria,Betaproteobacteria,Burkholderiales,Burkholderiales_incertae_sedis,Leptothrix
ASV6459,Bacteria,Bacteroidetes,Flavobacteriia,Flavobacteriales,Flavobacteriaceae,Epilithonimonas
ASV6460,Bacteria,Proteobacteria,Gammaproteobacteria,Xanthomonadales,Xanthomonadaceae,Stenotrophomonas
ASV6461,Bacteria,Verrucomicrobia,Verrucomicrobiae,Verrucomicrobiales,Verrucomicrobiaceae,Akkermansia
ASV6463,Bacteria,Proteobacteria,Gammaproteobacteria,Pseudomonadales,Moraxellaceae,Acinetobacter
ASV6464,Bacteria,Proteobacteria,Alphaproteobacteria,Rhodobacterales,Rhodobacteraceae,NA
ASV6465,Bacteria,Proteobacteria,Betaproteobacteria,Burkholderiales,Oxalobacteraceae,Janthinobacterium
ASV6466,Bacteria,Bacteroidetes,Sphingobacteriia,Sphingobacteriales,Sphingobacteriaceae,Sphingobacterium
ASV6467,Bacteria,Bacteroidetes,Flavobacteriia,Flavobacteriales,Flavobacteriaceae,NA
ASV6468,Bacteria,Proteobacteria,Alphaproteobacteria,Rhizobiales,Brucellaceae,NA
ASV6469,Bacteria,Bacteroidetes,NA,NA,NA,NA
ASV6470,Bacteria,Actinobacteria,Actinobacteria,Actinomycetales,NA,NA
ASV6471,Bacteria,Proteobacteria,Alphaproteobacteria,Rhizobiales,Rhizobiaceae,Neorhizobium
ASV6472,Bacteria,Proteobacteria,Gammaproteobacteria,Enterobacteriales,Enterobacteriaceae,NA
ASV6473,Bacteria,Proteobacteria,Gammaproteobacteria,NA,NA,NA
ASV6474,Bacteria,Proteobacteria,Gammaproteobacteria,Pseudomonadales,Pseudomonadaceae,NA
ASV7280,Bacteria,Proteobacteria,Gammaproteobacteria,Xanthomonadales,Xanthomonadaceae,NA
ASV7281,Bacteria,Proteobacteria,Betaproteobacteria,Methylophilales,Methylophilaceae,Methylophilus
ASV7282,Bacteria,Firmicutes,Clostridia,Clostridiales,Lachnospiraceae,NA
ASV7283,Bacteria,Firmicutes,Clostridia,Clostridiales,NA,NA
ASV7284,Bacteria,Proteobacteria,NA,NA,NA,NA
ASV7285,Bacteria,Actinobacteria,Actinobacteria,Actinomycetales,Sanguibacteraceae,Sanguibacter
ASV7286,Bacteria,Bacteroidetes,Flavobacteriia,Flavobacteriales,Flavobacteriaceae,Epilithonimonas
ASV7287,Bacteria,Proteobacteria,Betaproteobacteria,NA,NA,NA
ASV7288,Bacteria,Bacteroidetes,Cytophagia,Cytophagales,Cytophagaceae,Dyadobacter
ASV7289,Bacteria,Proteobacteria,Alphaproteobacteria,Rhodobacterales,Rhodobacteraceae,NA
ASV7290,Bacteria,Proteobacteria,Gammaproteobacteria,Enterobacteriales,Enterobacteriaceae,NA
ASV7291,Bacteria,Proteobacteria,Betaproteobacteria,Burkholderiales,Comamonadaceae,NA
ASV7292,Bacteria,Bacteroidetes,Flavobacteriia,Flavobacteriales,Flavobacteriaceae,NA
ASV7328,Bacteria,Proteobacteria,Betaproteobacteria,Burkholderiales,Oxalobacteraceae,Janthinobacterium
ASV7329,Bacteria,Proteobacteria,Gammaproteobacteria,Pseudomonadales,Pseudomonadaceae,NA
ASV7330,Bacteria,Firmicutes,Clostridia,Clostridiales,Lachnospiraceae,NA
ASV7331,Bacteria,Proteobacteria,Alphaproteobacteria,Rhizobiales,Brucellaceae,Pseudochrobactrum
ASV7332,Bacteria,Bacteroidetes,Flavobacteriia,Flavobacteriales,Flavobacteriaceae,Soonwooa
ASV7333,Bacteria,Proteobacteria,Betaproteobacteria,Burkholderiales,Burkholderiales_incertae_sedis,NA
ASV7334,Bacteria,Proteobacteria,Gammaproteobacteria,NA,NA,NA
ASV7335,Bacteria,Firmicutes,Clostridia,Clostridiales,Ruminococcaceae,Clostridium_IV
ASV7336,Bacteria,Proteobacteria,Gammaproteobacteria,Pseudomonadales,Pseudomonadaceae,Pseudomonas
ASV7337,Bacteria,Bacteroidetes,Flavobacteriia,Flavobacteriales,Flavobacteriaceae,NA
ASV7338,Bacteria,Bacteroidetes,Flavobacteriia,Flavobacteriales,Flavobacteriaceae,Soonwooa
ASV7339,Bacteria,Bacteroidetes,Sphingobacteriia,Sphingobacteriales,Sphingobacteriaceae,Pedobacter
ASV7340,Bacteria,Verrucomicrobia,Verrucomicrobiae,Verrucomicrobiales,Verrucomicrobiaceae,Akkermansia
ASV7341,Bacteria,Proteobacteria,Gammaproteobacteria,Pseudomonadales,Moraxellaceae,Acinetobacter
ASV7342,Bacteria,Proteobacteria,NA,NA,NA,NA
ASV7343,Bacteria,Proteobacteria,Betaproteobacteria,Burkholderiales,Oxalobacteraceae,Janthinobacterium
ASV7344,Bacteria,Bacteroidetes,Bacteroidia,Bacteroidales,Bacteroidaceae,Bacteroides
ASV7345,Bacteria,Bacteroidetes,Bacteroidia,Bacteroidales,Porphyromonadaceae,Parabacteroides
ASV7346,Bacteria,Proteobacteria,Alphaproteobacteria,NA,NA,NA
ASV7347,Bacteria,Actinobacteria,Actinobacteria,Coriobacteriales,Coriobacteriaceae,Gordonibacter
ASV7348,Bacteria,Proteobacteria,Deltaproteobacteria,Desulfovibrionales,Desulfovibrionaceae,Desulfovibrio
ASV7349,Bacteria,Proteobacteria,Gammaproteobacteria,Pseudomonadales,Moraxellaceae,Acinetobacter
ASV7350,Bacteria,Proteobacteria,Gammaproteobacteria,Alteromonadales,Pseudoalteromonadaceae,Pseudoalteromonas
ASV7351,Bacteria,Proteobacteria,Gammaproteobacteria,Enterobacteriales,Enterobacteriaceae,NA
ASV7352,Bacteria,Proteobacteria,Alphaproteobacteria,Caulobacterales,Caulobacteraceae,Brevundimonas
ASV7353,Bacteria,Bacteroidetes,Sphingobacteriia,Sphingobacteriales,Sphingobacteriaceae,Sphingobacterium
ASV7354,Bacteria,Proteobacteria,Gammaproteobacteria,Pseudomonadales,Pseudomonadaceae,Pseudomonas
ASV7355,Bacteria,Firmicutes,Clostridia,Clostridiales,Ruminococcaceae,NA
ASV7356,Bacteria,Proteobacteria,Gammaproteobacteria,Pseudomonadales,Moraxellaceae,Acinetobacter
ASV7357,Bacteria,Proteobacteria,Betaproteobacteria,NA,NA,NA
ASV7358,Bacteria,Proteobacteria,Betaproteobacteria,Burkholderiales,Oxalobacteraceae,Janthinobacterium
ASV7359,Bacteria,Proteobacteria,Gammaproteobacteria,Xanthomonadales,Xanthomonadaceae,Stenotrophomonas
ASV7360,Bacteria,Proteobacteria,Gammaproteobacteria,Pseudomonadales,Pseudomonadaceae,Pseudomonas
ASV7361,Bacteria,Bacteroidetes,Bacteroidia,Bacteroidales,Porphyromonadaceae,Dysgonomonas
ASV7378,Bacteria,Bacteroidetes,Sphingobacteriia,Sphingobacteriales,Sphingobacteriaceae,Sphingobacterium
ASV7379,Bacteria,Bacteroidetes,Sphingobacteriia,Sphingobacteriales,Sphingobacteriaceae,Sphingobacterium
ASV7380,Bacteria,Bacteroidetes,Cytophagia,Cytophagales,Cytophagaceae,Dyadobacter
ASV7409,Bacteria,Proteobacteria,Gammaproteobacteria,NA,NA,NA
ASV7410,Bacteria,NA,NA,NA,NA,NA
ASV7411,Bacteria,Proteobacteria,Gammaproteobacteria,Enterobacteriales,Enterobacteriaceae,NA
ASV7412,Bacteria,Bacteroidetes,Cytophagia,Cytophagales,Cytophagaceae,Dyadobacter
ASV7413,Bacteria,Bacteroidetes,Flavobacteriia,Flavobacteriales,Flavobacteriaceae,Chryseobacterium
ASV7414,Bacteria,Proteobacteria,Gammaproteobacteria,NA,NA,NA
ASV7415,Bacteria,Verrucomicrobia,Verrucomicrobiae,Verrucomicrobiales,Verrucomicrobiaceae,Akkermansia
ASV7416,Bacteria,Proteobacteria,Gammaproteobacteria,Pseudomonadales,Moraxellaceae,Acinetobacter
ASV7417,Bacteria,Bacteroidetes,Flavobacteriia,Flavobacteriales,Flavobacteriaceae,NA
ASV7418,Bacteria,Proteobacteria,Betaproteobacteria,Burkholderiales,Burkholderiales_incertae_sedis,Leptothrix
ASV7419,Bacteria,Bacteroidetes,Flavobacteriia,Flavobacteriales,Flavobacteriaceae,Soonwooa
ASV7420,Bacteria,Proteobacteria,Gammaproteobacteria,Xanthomonadales,Xanthomonadaceae,NA
ASV7421,Bacteria,Bacteroidetes,NA,NA,NA,NA
ASV7422,Bacteria,Proteobacteria,Gammaproteobacteria,Enterobacteriales,Enterobacteriaceae,NA
ASV7423,Bacteria,Proteobacteria,Gammaproteobacteria,Pseudomonadales,Moraxellaceae,Acinetobacter
ASV7424,Bacteria,Proteobacteria,Gammaproteobacteria,Pseudomonadales,Moraxellaceae,Acinetobacter
ASV7425,Bacteria,Proteobacteria,Betaproteobacteria,Burkholderiales,Burkholderiales_incertae_sedis,Leptothrix
ASV7426,Bacteria,Bacteroidetes,Sphingobacteriia,Sphingobacteriales,Sphingobacteriaceae,Sphingobacterium
ASV7427,Bacteria,Bacteroidetes,Flavobacteriia,Flavobacteriales,Flavobacteriaceae,Chryseobacterium
ASV7428,Bacteria,Bacteroidetes,Sphingobacteriia,Sphingobacteriales,Sphingobacteriaceae,NA
ASV7429,Bacteria,Proteobacteria,Gammaproteobacteria,NA,NA,NA
ASV7430,Bacteria,Proteobacteria,Gammaproteobacteria,NA,NA,NA
ASV7431,Bacteria,Proteobacteria,Gammaproteobacteria,Enterobacteriales,Enterobacteriaceae,NA
ASV7432,Bacteria,Bacteroidetes,Flavobacteriia,Flavobacteriales,Flavobacteriaceae,NA
ASV7433,Bacteria,Proteobacteria,Betaproteobacteria,Burkholderiales,Comamonadaceae,NA
ASV7434,Bacteria,Proteobacteria,Alphaproteobacteria,Rhizobiales,Brucellaceae,Pseudochrobactrum
ASV7435,Bacteria,Actinobacteria,Actinobacteria,Actinomycetales,Sanguibacteraceae,Sanguibacter
ASV7436,Bacteria,Proteobacteria,Gammaproteobacteria,Pseudomonadales,Moraxellaceae,Enhydrobacter
ASV7437,Bacteria,Proteobacteria,Betaproteobacteria,Burkholderiales,NA,NA
ASV7438,Bacteria,Bacteroidetes,Sphingobacteriia,Sphingobacteriales,Sphingobacteriaceae,Sphingobacterium
ASV7439,Bacteria,Proteobacteria,Gammaproteobacteria,NA,NA,NA
ASV7440,Bacteria,Bacteroidetes,Sphingobacteriia,Sphingobacteriales,Sphingobacteriaceae,Sphingobacterium
ASV7441,Bacteria,Bacteroidetes,Sphingobacteriia,Sphingobacteriales,Sphingobacteriaceae,Pedobacter
ASV7442,Bacteria,Proteobacteria,Gammaproteobacteria,Oceanospirillales,Halomonadaceae,Halomonas
ASV7464,Bacteria,Proteobacteria,Alphaproteobacteria,Rhizobiales,Brucellaceae,Pseudochrobactrum
ASV7465,Bacteria,Bacteroidetes,Flavobacteriia,Flavobacteriales,Flavobacteriaceae,NA
ASV7467,Bacteria,Actinobacteria,Actinobacteria,Actinomycetales,Microbacteriaceae,Leucobacter
ASV7468,Bacteria,Proteobacteria,Gammaproteobacteria,Enterobacteriales,Enterobacteriaceae,NA
ASV7469,Bacteria,Bacteroidetes,Flavobacteriia,Flavobacteriales,Flavobacteriaceae,NA
ASV7485,Bacteria,Proteobacteria,Alphaproteobacteria,Rhizobiales,Hyphomicrobiaceae,Devosia
ASV7486,Bacteria,Firmicutes,Clostridia,Clostridiales,Lachnospiraceae,Clostridium_XlVa
ASV7487,Bacteria,Firmicutes,Clostridia,Clostridiales,Lachnospiraceae,Clostridium_XlVa
ASV7488,Bacteria,Firmicutes,NA,NA,NA,NA
ASV7489,Bacteria,Firmicutes,Clostridia,Clostridiales,Lachnospiraceae,Clostridium_XlVb
ASV7490,Bacteria,Bacteroidetes,Cytophagia,Cytophagales,Cytophagaceae,Dyadobacter
ASV7491,Bacteria,Bacteroidetes,NA,NA,NA,NA
ASV7492,Bacteria,Bacteroidetes,Sphingobacteriia,Sphingobacteriales,Sphingobacteriaceae,Pedobacter
ASV7493,Bacteria,Firmicutes,Clostridia,Clostridiales,Lachnospiraceae,NA
ASV7494,Bacteria,Proteobacteria,Alphaproteobacteria,Rhizobiales,NA,NA
ASV7495,Bacteria,Actinobacteria,Actinobacteria,Actinomycetales,Microbacteriaceae,NA
ASV7496,Bacteria,Proteobacteria,Alphaproteobacteria,Rhizobiales,Bradyrhizobiaceae,Bosea
ASV7497,Bacteria,Proteobacteria,Gammaproteobacteria,Pseudomonadales,Moraxellaceae,Acinetobacter
ASV7498,Bacteria,Proteobacteria,Gammaproteobacteria,Pseudomonadales,Moraxellaceae,Acinetobacter
ASV7499,Bacteria,Bacteroidetes,Sphingobacteriia,Sphingobacteriales,Sphingobacteriaceae,Sphingobacterium
ASV7500,Bacteria,Bacteroidetes,Bacteroidetes_incertae_sedis,Marinifilum,NA,NA
ASV7501,Bacteria,Proteobacteria,Gammaproteobacteria,Pseudomonadales,Pseudomonadaceae,NA
ASV7502,Bacteria,Bacteroidetes,Flavobacteriia,Flavobacteriales,Flavobacteriaceae,Chryseobacterium
ASV7503,Bacteria,Bacteroidetes,Bacteroidia,Bacteroidales,Prevotellaceae,Prevotella
ASV7504,Bacteria,Actinobacteria,Actinobacteria,Actinomycetales,Microbacteriaceae,Leucobacter
ASV7505,Bacteria,Fusobacteria,Fusobacteriia,Fusobacteriales,Leptotrichiaceae,Leptotrichia
ASV7506,Bacteria,Bacteroidetes,Bacteroidia,Bacteroidales,Porphyromonadaceae,Parabacteroides
ASV7507,Bacteria,Proteobacteria,Betaproteobacteria,Burkholderiales,Comamonadaceae,NA
ASV7508,Bacteria,Proteobacteria,Gammaproteobacteria,Enterobacteriales,Enterobacteriaceae,NA
ASV7509,Bacteria,Proteobacteria,Gammaproteobacteria,Xanthomonadales,Xanthomonadaceae,Stenotrophomonas
ASV7510,Bacteria,Proteobacteria,Betaproteobacteria,Burkholderiales,Oxalobacteraceae,Janthinobacterium
ASV7511,Bacteria,Proteobacteria,Gammaproteobacteria,Enterobacteriales,Enterobacteriaceae,NA
ASV7512,Bacteria,Actinobacteria,Actinobacteria,Actinomycetales,Corynebacteriaceae,Corynebacterium
ASV7513,Bacteria,NA,NA,NA,NA,NA
ASV7514,Bacteria,Bacteroidetes,Flavobacteriia,Flavobacteriales,Flavobacteriaceae,Epilithonimonas
ASV7515,Bacteria,Bacteroidetes,Flavobacteriia,Flavobacteriales,Flavobacteriaceae,Flavobacterium
ASV7516,Bacteria,Proteobacteria,Betaproteobacteria,Burkholderiales,NA,NA
ASV7517,Bacteria,Actinobacteria,Actinobacteria,Actinomycetales,NA,NA
ASV7518,Bacteria,Proteobacteria,Gammaproteobacteria,Pasteurellales,Pasteurellaceae,Haemophilus
ASV7519,Bacteria,Actinobacteria,Actinobacteria,Actinomycetales,Sanguibacteraceae,Sanguibacter
ASV7520,Bacteria,Proteobacteria,Gammaproteobacteria,Enterobacteriales,Enterobacteriaceae,NA
ASV7521,Bacteria,Bacteroidetes,Flavobacteriia,Flavobacteriales,Flavobacteriaceae,NA
ASV7522,Bacteria,Proteobacteria,Gammaproteobacteria,Pseudomonadales,Pseudomonadaceae,Pseudomonas
ASV8535,Bacteria,Bacteroidetes,Sphingobacteriia,Sphingobacteriales,Chitinophagaceae,Taibaiella
ASV8536,Bacteria,Proteobacteria,Gammaproteobacteria,NA,NA,NA
ASV8537,Bacteria,Proteobacteria,Alphaproteobacteria,Rhizobiales,Brucellaceae,NA
ASV8538,Bacteria,Bacteroidetes,Flavobacteriia,Flavobacteriales,Flavobacteriaceae,NA
ASV8539,Bacteria,Proteobacteria,Gammaproteobacteria,Xanthomonadales,Xanthomonadaceae,Stenotrophomonas
ASV8540,Bacteria,Proteobacteria,Alphaproteobacteria,Rhizobiales,Rhizobiaceae,Neorhizobium
ASV8541,Bacteria,Bacteroidetes,Flavobacteriia,Flavobacteriales,Flavobacteriaceae,Epilithonimonas
ASV8542,Bacteria,Proteobacteria,Alphaproteobacteria,NA,NA,NA
ASV8543,Bacteria,Proteobacteria,NA,NA,NA,NA
ASV8544,Bacteria,Proteobacteria,Gammaproteobacteria,NA,NA,NA
ASV8545,Bacteria,Proteobacteria,Gammaproteobacteria,Pseudomonadales,Moraxellaceae,Acinetobacter
ASV8546,Bacteria,Proteobacteria,Gammaproteobacteria,Enterobacteriales,Enterobacteriaceae,NA
ASV8547,Bacteria,Proteobacteria,Gammaproteobacteria,Oceanospirillales,Halomonadaceae,Halomonas
ASV8548,Bacteria,Proteobacteria,Alphaproteobacteria,NA,NA,NA
ASV8549,Bacteria,Proteobacteria,Alphaproteobacteria,NA,NA,NA
ASV8550,Bacteria,Bacteroidetes,Sphingobacteriia,Sphingobacteriales,Sphingobacteriaceae,Sphingobacterium
ASV8551,Bacteria,Proteobacteria,Betaproteobacteria,Burkholderiales,Alcaligenaceae,Advenella
ASV8606,Bacteria,Proteobacteria,Betaproteobacteria,Burkholderiales,Alcaligenaceae,Achromobacter
ASV8607,Bacteria,Proteobacteria,Deltaproteobacteria,Bdellovibrionales,Bacteriovoracaceae,Bacteriovorax
ASV8608,Bacteria,Bacteroidetes,Flavobacteriia,Flavobacteriales,Flavobacteriaceae,Epilithonimonas
ASV8609,Bacteria,Bacteroidetes,Flavobacteriia,Flavobacteriales,Flavobacteriaceae,Epilithonimonas
ASV8610,Bacteria,Proteobacteria,Alphaproteobacteria,Rhodospirillales,Acetobacteraceae,Roseomonas
ASV8611,Bacteria,Bacteroidetes,Sphingobacteriia,Sphingobacteriales,Sphingobacteriaceae,Sphingobacterium
ASV8612,Bacteria,Proteobacteria,Alphaproteobacteria,Rhizobiales,Rhizobiaceae,Neorhizobium
ASV8613,Bacteria,Deinococcus-Thermus,Deinococci,Deinococcales,Deinococcaceae,Deinococcus
ASV8614,Bacteria,Proteobacteria,Gammaproteobacteria,Pseudomonadales,Pseudomonadaceae,NA
ASV8615,Bacteria,Proteobacteria,Gammaproteobacteria,Enterobacteriales,Enterobacteriaceae,NA
ASV8616,Bacteria,Proteobacteria,Gammaproteobacteria,Pseudomonadales,Pseudomonadaceae,Pseudomonas
ASV8617,Bacteria,Proteobacteria,NA,NA,NA,NA
ASV8618,Bacteria,Bacteroidetes,NA,NA,NA,NA
ASV8619,Bacteria,Proteobacteria,Gammaproteobacteria,Pseudomonadales,Moraxellaceae,Acinetobacter
ASV8620,Bacteria,Proteobacteria,Gammaproteobacteria,Enterobacteriales,Enterobacteriaceae,NA
ASV8621,Bacteria,Bacteroidetes,Bacteroidia,Bacteroidales,Bacteroidaceae,Bacteroides
ASV8622,Bacteria,Bacteroidetes,Bacteroidia,Bacteroidales,Bacteroidaceae,Bacteroides
ASV8623,Bacteria,Bacteroidetes,Flavobacteriia,Flavobacteriales,Flavobacteriaceae,NA
ASV8624,Bacteria,Proteobacteria,Betaproteobacteria,Burkholderiales,Comamonadaceae,NA
ASV8625,Bacteria,Bacteroidetes,Flavobacteriia,Flavobacteriales,Flavobacteriaceae,Flavobacterium
ASV8626,Bacteria,Proteobacteria,Gammaproteobacteria,Pseudomonadales,Pseudomonadaceae,Pseudomonas
ASV8627,Bacteria,Proteobacteria,Gammaproteobacteria,Enterobacteriales,Enterobacteriaceae,NA
ASV8628,Bacteria,Firmicutes,Negativicutes,Selenomonadales,Veillonellaceae,NA
ASV8629,Bacteria,Firmicutes,Erysipelotrichia,Erysipelotrichales,Erysipelotrichaceae,NA
ASV8630,Bacteria,Actinobacteria,Actinobacteria,Actinomycetales,Cellulomonadaceae,NA
ASV8631,Bacteria,Proteobacteria,NA,NA,NA,NA
ASV8632,Bacteria,Bacteroidetes,Flavobacteriia,Flavobacteriales,Flavobacteriaceae,Epilithonimonas
ASV8633,Bacteria,Proteobacteria,Betaproteobacteria,Burkholderiales,Comamonadaceae,NA
ASV8634,Bacteria,Proteobacteria,Betaproteobacteria,Burkholderiales,Burkholderiales_incertae_sedis,NA
ASV8635,Bacteria,Actinobacteria,Actinobacteria,Actinomycetales,Microbacteriaceae,NA
ASV8636,Bacteria,Bacteroidetes,Flavobacteriia,Flavobacteriales,Flavobacteriaceae,NA
ASV8637,Bacteria,Proteobacteria,Alphaproteobacteria,Sphingomonadales,Erythrobacteraceae,Porphyrobacter
ASV8638,Bacteria,Proteobacteria,Gammaproteobacteria,Pseudomonadales,Pseudomonadaceae,Pseudomonas
ASV8639,Bacteria,Bacteroidetes,Flavobacteriia,Flavobacteriales,Flavobacteriaceae,Epilithonimonas
ASV8640,Bacteria,Bacteroidetes,Bacteroidia,Bacteroidales,Bacteroidaceae,Bacteroides
ASV8641,Bacteria,Firmicutes,Clostridia,Clostridiales,Clostridiales_Incertae_Sedis_XII,Guggenheimella
ASV8642,Bacteria,Proteobacteria,Alphaproteobacteria,Sphingomonadales,Sphingomonadaceae,Sphingomonas
ASV8643,Bacteria,Firmicutes,Bacilli,Lactobacillales,Lactobacillaceae,Lactobacillus
ASV8644,Bacteria,Proteobacteria,Betaproteobacteria,NA,NA,NA
ASV8645,Bacteria,Bacteroidetes,Sphingobacteriia,Sphingobacteriales,Chitinophagaceae,Arachidicoccus
ASV8646,Bacteria,Bacteroidetes,Flavobacteriia,Flavobacteriales,Flavobacteriaceae,NA
ASV8647,Bacteria,Proteobacteria,Gammaproteobacteria,Aeromonadales,Aeromonadaceae,Aeromonas
ASV8648,Bacteria,Actinobacteria,Actinobacteria,Actinomycetales,Micrococcaceae,Arthrobacter
ASV8649,Bacteria,Bacteroidetes,Flavobacteriia,Flavobacteriales,Flavobacteriaceae,Flavobacterium
ASV8650,Bacteria,Proteobacteria,Gammaproteobacteria,Vibrionales,Vibrionaceae,Vibrio
ASV8651,Bacteria,Proteobacteria,Alphaproteobacteria,Sphingomonadales,Sphingomonadaceae,Sphingomonas
ASV8652,Bacteria,Proteobacteria,Gammaproteobacteria,Pseudomonadales,Pseudomonadaceae,NA
ASV8653,Bacteria,Bacteroidetes,Bacteroidia,Bacteroidales,Bacteroidaceae,Bacteroides
ASV8654,Bacteria,Proteobacteria,Gammaproteobacteria,Pseudomonadales,Moraxellaceae,Acinetobacter
ASV8655,Bacteria,Proteobacteria,Gammaproteobacteria,Pseudomonadales,Pseudomonadaceae,NA
ASV8656,Bacteria,Proteobacteria,Betaproteobacteria,Burkholderiales,Oxalobacteraceae,Janthinobacterium
ASV8657,Bacteria,Verrucomicrobia,Verrucomicrobiae,Verrucomicrobiales,Verrucomicrobiaceae,Akkermansia
ASV8658,Bacteria,Bacteroidetes,Bacteroidia,Bacteroidales,Bacteroidaceae,Bacteroides
ASV8659,Bacteria,Proteobacteria,Gammaproteobacteria,Pseudomonadales,Pseudomonadaceae,Azomonas
ASV8660,Bacteria,Proteobacteria,Gammaproteobacteria,NA,NA,NA
ASV8661,Bacteria,Bacteroidetes,Bacteroidia,Bacteroidales,Porphyromonadaceae,Dysgonomonas
ASV8662,Bacteria,Proteobacteria,Gammaproteobacteria,Pseudomonadales,Pseudomonadaceae,Pseudomonas
ASV8663,Bacteria,Actinobacteria,Actinobacteria,Actinomycetales,Bogoriellaceae,Georgenia
ASV8664,Bacteria,Bacteroidetes,Bacteroidia,Bacteroidales,Porphyromonadaceae,Odoribacter
ASV8665,Bacteria,Proteobacteria,Gammaproteobacteria,Pseudomonadales,Moraxellaceae,Acinetobacter
ASV8666,Bacteria,Bacteroidetes,Bacteroidia,Bacteroidales,NA,NA
ASV8667,Bacteria,Bacteroidetes,Flavobacteriia,Flavobacteriales,Flavobacteriaceae,NA
ASV8668,Bacteria,Candidatus_Saccharibacteria,NA,NA,NA,NA
ASV8669,Bacteria,Proteobacteria,Gammaproteobacteria,Xanthomonadales,Xanthomonadaceae,Stenotrophomonas
ASV8670,Bacteria,Bacteroidetes,Flavobacteriia,Flavobacteriales,Flavobacteriaceae,NA
ASV8671,Bacteria,Bacteroidetes,Flavobacteriia,Flavobacteriales,Flavobacteriaceae,Soonwooa
ASV8672,Bacteria,Bacteroidetes,Sphingobacteriia,Sphingobacteriales,Sphingobacteriaceae,Sphingobacterium
ASV8673,Bacteria,NA,NA,NA,NA,NA
ASV8674,Bacteria,Proteobacteria,Gammaproteobacteria,NA,NA,NA
ASV8675,Bacteria,Bacteroidetes,Flavobacteriia,Flavobacteriales,Flavobacteriaceae,NA
ASV8708,Bacteria,Bacteroidetes,Sphingobacteriia,Sphingobacteriales,Sphingobacteriaceae,Sphingobacterium
ASV8709,Bacteria,Proteobacteria,Alphaproteobacteria,Rhizobiales,Hyphomicrobiaceae,Devosia
ASV8710,Bacteria,Proteobacteria,Gammaproteobacteria,Pseudomonadales,Moraxellaceae,Acinetobacter
ASV8711,Bacteria,NA,NA,NA,NA,NA
ASV8712,Bacteria,Firmicutes,Bacilli,Lactobacillales,Enterococcaceae,Enterococcus
ASV8713,Bacteria,Proteobacteria,Alphaproteobacteria,Caulobacterales,Caulobacteraceae,Brevundimonas
ASV8714,Bacteria,Proteobacteria,Alphaproteobacteria,Rhodobacterales,Rhodobacteraceae,NA
ASV8715,Bacteria,Proteobacteria,Alphaproteobacteria,NA,NA,NA
ASV8716,Bacteria,Bacteroidetes,Sphingobacteriia,Sphingobacteriales,Sphingobacteriaceae,Sphingobacterium
ASV8717,Bacteria,Bacteroidetes,Flavobacteriia,Flavobacteriales,Flavobacteriaceae,Flavobacterium
ASV8718,Bacteria,Proteobacteria,Gammaproteobacteria,NA,NA,NA
ASV8763,Bacteria,Proteobacteria,Betaproteobacteria,Burkholderiales,Oxalobacteraceae,NA
ASV8764,Bacteria,NA,NA,NA,NA,NA
ASV8765,Bacteria,Firmicutes,Bacilli,Bacillales,Bacillaceae_1,Bacillus
ASV8766,Bacteria,Bacteroidetes,Flavobacteriia,Flavobacteriales,Flavobacteriaceae,Flavobacterium
ASV8767,Bacteria,Bacteroidetes,Sphingobacteriia,Sphingobacteriales,Sphingobacteriaceae,Sphingobacterium
ASV8768,Bacteria,Bacteroidetes,Cytophagia,Cytophagales,Cytophagaceae,Adhaeribacter
ASV8769,Bacteria,Gemmatimonadetes,Gemmatimonadetes,Gemmatimonadales,Gemmatimonadaceae,Gemmatimonas
ASV8770,Bacteria,Actinobacteria,Actinobacteria,Actinomycetales,NA,NA
ASV8771,Bacteria,Proteobacteria,Betaproteobacteria,Burkholderiales,Comamonadaceae,NA
ASV8772,Bacteria,Bacteroidetes,Flavobacteriia,Flavobacteriales,Flavobacteriaceae,Chryseobacterium
ASV8773,Bacteria,NA,NA,NA,NA,NA
ASV8774,Bacteria,Proteobacteria,Gammaproteobacteria,Oceanospirillales,Halomonadaceae,Halomonas
ASV8775,Bacteria,Actinobacteria,Actinobacteria,Actinomycetales,Micrococcaceae,Arthrobacter
ASV8776,Bacteria,Bacteroidetes,Flavobacteriia,Flavobacteriales,Flavobacteriaceae,Chryseobacterium
ASV8777,Bacteria,Proteobacteria,Gammaproteobacteria,NA,NA,NA
ASV8778,Bacteria,Proteobacteria,Alphaproteobacteria,Rhizobiales,Brucellaceae,Pseudochrobactrum
ASV8779,Bacteria,Proteobacteria,Gammaproteobacteria,NA,NA,NA
ASV8780,Bacteria,Proteobacteria,Gammaproteobacteria,Xanthomonadales,Xanthomonadaceae,Stenotrophomonas
ASV8781,Bacteria,Bacteroidetes,Cytophagia,Cytophagales,Cytophagaceae,Dyadobacter
ASV8782,Bacteria,Proteobacteria,Alphaproteobacteria,Rhodobacterales,Rhodobacteraceae,NA
ASV8784,Bacteria,Proteobacteria,Gammaproteobacteria,Enterobacteriales,Enterobacteriaceae,NA
ASV8785,Bacteria,Actinobacteria,Actinobacteria,Bifidobacteriales,Bifidobacteriaceae,Aeriscardovia
ASV8786,Bacteria,Bacteroidetes,Sphingobacteriia,Sphingobacteriales,Sphingobacteriaceae,Sphingobacterium
ASV8787,Bacteria,Bacteroidetes,Bacteroidia,Bacteroidales,Rikenellaceae,NA
ASV8788,Bacteria,Proteobacteria,Alphaproteobacteria,Rhodobacterales,Rhodobacteraceae,NA
ASV8789,Bacteria,Firmicutes,Clostridia,Clostridiales,Lachnospiraceae,Clostridium_XlVa
ASV8790,Bacteria,Proteobacteria,Gammaproteobacteria,Xanthomonadales,Xanthomonadaceae,Stenotrophomonas
ASV8791,Bacteria,Proteobacteria,Betaproteobacteria,Burkholderiales,NA,NA
ASV8792,Bacteria,Bacteroidetes,Flavobacteriia,Flavobacteriales,Flavobacteriaceae,Chryseobacterium
ASV8793,Bacteria,Proteobacteria,Gammaproteobacteria,Pseudomonadales,Moraxellaceae,Alkanindiges
ASV8794,Bacteria,Verrucomicrobia,Verrucomicrobiae,Verrucomicrobiales,Verrucomicrobiaceae,Akkermansia
ASV8795,Bacteria,Proteobacteria,Alphaproteobacteria,Sphingomonadales,Erythrobacteraceae,NA
ASV8796,Bacteria,Proteobacteria,Gammaproteobacteria,NA,NA,NA
ASV8797,Bacteria,Proteobacteria,Gammaproteobacteria,NA,NA,NA
ASV8798,Bacteria,Bacteroidetes,Cytophagia,Cytophagales,NA,NA
ASV8799,Bacteria,Proteobacteria,Betaproteobacteria,Burkholderiales,Oxalobacteraceae,Janthinobacterium
ASV8800,Bacteria,NA,NA,NA,NA,NA
ASV8801,Bacteria,Proteobacteria,NA,NA,NA,NA
ASV8802,Bacteria,Proteobacteria,Alphaproteobacteria,Caulobacterales,Caulobacteraceae,Brevundimonas
ASV8803,Bacteria,Proteobacteria,Betaproteobacteria,Burkholderiales,Oxalobacteraceae,Duganella
ASV8804,Bacteria,Proteobacteria,Gammaproteobacteria,Oceanospirillales,Halomonadaceae,Halomonas
ASV8805,Bacteria,Bacteroidetes,Flavobacteriia,Flavobacteriales,Flavobacteriaceae,Flavobacterium
ASV8806,Bacteria,Proteobacteria,Gammaproteobacteria,NA,NA,NA
ASV8807,Bacteria,Proteobacteria,Betaproteobacteria,Burkholderiales,Oxalobacteraceae,Janthinobacterium
ASV8808,Bacteria,Bacteroidetes,Sphingobacteriia,Sphingobacteriales,Sphingobacteriaceae,Sphingobacterium
ASV8809,Bacteria,Bacteroidetes,Sphingobacteriia,Sphingobacteriales,Sphingobacteriaceae,Sphingobacterium
ASV8810,Bacteria,Bacteroidetes,NA,NA,NA,NA
ASV8811,Bacteria,Bacteroidetes,Bacteroidia,Bacteroidales,Bacteroidaceae,Bacteroides
ASV8812,Bacteria,Bacteroidetes,Flavobacteriia,Flavobacteriales,Flavobacteriaceae,Chryseobacterium
ASV8813,Bacteria,Proteobacteria,Gammaproteobacteria,NA,NA,NA
ASV8814,Bacteria,Proteobacteria,Betaproteobacteria,Burkholderiales,Oxalobacteraceae,Herminiimonas
ASV8815,Bacteria,Proteobacteria,Alphaproteobacteria,Caulobacterales,Caulobacteraceae,Brevundimonas
ASV8816,Bacteria,Bacteroidetes,Sphingobacteriia,Sphingobacteriales,Sphingobacteriaceae,Sphingobacterium
ASV8817,Bacteria,Proteobacteria,Gammaproteobacteria,Pseudomonadales,Pseudomonadaceae,NA
ASV8818,Bacteria,Proteobacteria,Betaproteobacteria,Burkholderiales,Alcaligenaceae,Achromobacter
ASV8819,Bacteria,Bacteroidetes,Sphingobacteriia,Sphingobacteriales,Sphingobacteriaceae,NA
ASV8861,Bacteria,Proteobacteria,Betaproteobacteria,NA,NA,NA
ASV8862,Bacteria,Bacteroidetes,Bacteroidia,Bacteroidales,Rikenellaceae,Alistipes
ASV8863,Bacteria,Proteobacteria,Alphaproteobacteria,Rhizobiales,NA,NA
ASV8864,Bacteria,Bacteroidetes,Bacteroidia,Bacteroidales,Bacteroidaceae,Bacteroides
ASV8865,Bacteria,Proteobacteria,Betaproteobacteria,Burkholderiales,NA,NA
ASV8866,Bacteria,Actinobacteria,Actinobacteria,Actinomycetales,Nocardioidaceae,Marmoricola
ASV8867,Bacteria,Bacteroidetes,Cytophagia,Cytophagales,Cytophagaceae,Dyadobacter
ASV8868,Bacteria,Proteobacteria,Gammaproteobacteria,NA,NA,NA
ASV8869,Bacteria,Bacteroidetes,Flavobacteriia,Flavobacteriales,Flavobacteriaceae,Flavobacterium
ASV8928,Bacteria,Firmicutes,Clostridia,Clostridiales,Lachnospiraceae,Clostridium_XlVa
ASV8929,Bacteria,Firmicutes,Erysipelotrichia,Erysipelotrichales,Erysipelotrichaceae,Coprobacillus
ASV8930,Bacteria,Lentisphaerae,Lentisphaeria,Victivallales,Victivallaceae,Victivallis
ASV8931,Bacteria,Actinobacteria,Actinobacteria,Actinomycetales,Microbacteriaceae,NA
ASV8932,Bacteria,Bacteroidetes,Bacteroidia,Bacteroidales,NA,NA
ASV8933,Bacteria,Proteobacteria,Gammaproteobacteria,Enterobacteriales,Enterobacteriaceae,Xenorhabdus
ASV8934,Bacteria,Bacteroidetes,Bacteroidia,Bacteroidales,NA,NA
ASV8935,Bacteria,Proteobacteria,Gammaproteobacteria,Pseudomonadales,Pseudomonadaceae,Pseudomonas
ASV8936,Bacteria,Firmicutes,Clostridia,Clostridiales,Clostridiales_Incertae_Sedis_XIII,Anaerovorax
ASV8937,Bacteria,Firmicutes,Negativicutes,Selenomonadales,Veillonellaceae,NA
ASV8938,Bacteria,Bacteroidetes,Sphingobacteriia,Sphingobacteriales,Sphingobacteriaceae,Sphingobacterium
ASV8939,Bacteria,Actinobacteria,Actinobacteria,Actinomycetales,NA,NA
ASV8940,Bacteria,Actinobacteria,Actinobacteria,Actinomycetales,Microbacteriaceae,Microbacterium
ASV8941,Bacteria,Proteobacteria,Gammaproteobacteria,Enterobacteriales,Enterobacteriaceae,NA
ASV8942,Bacteria,Proteobacteria,Gammaproteobacteria,Alteromonadales,Pseudoalteromonadaceae,Pseudoalteromonas
ASV8943,Bacteria,Bacteroidetes,Bacteroidia,Bacteroidales,Porphyromonadaceae,Dysgonomonas
ASV8944,Bacteria,Proteobacteria,Gammaproteobacteria,Pseudomonadales,Moraxellaceae,Acinetobacter
ASV8945,Bacteria,Proteobacteria,Betaproteobacteria,NA,NA,NA
ASV8946,Bacteria,Proteobacteria,Alphaproteobacteria,Rhodobacterales,Rhodobacteraceae,NA
ASV8947,Bacteria,Lentisphaerae,Lentisphaeria,Victivallales,Victivallaceae,Victivallis
ASV8948,Bacteria,Bacteroidetes,Flavobacteriia,Flavobacteriales,Flavobacteriaceae,Chryseobacterium
ASV8949,Bacteria,Proteobacteria,Gammaproteobacteria,NA,NA,NA
ASV8950,Bacteria,Bacteroidetes,Flavobacteriia,Flavobacteriales,Flavobacteriaceae,Flavobacterium
ASV8951,Bacteria,Bacteroidetes,Flavobacteriia,Flavobacteriales,Flavobacteriaceae,Flavobacterium
ASV8952,Bacteria,Proteobacteria,Alphaproteobacteria,Rhizobiales,Rhizobiaceae,Shinella
ASV8953,Bacteria,Proteobacteria,Alphaproteobacteria,Rhizobiales,Hyphomicrobiaceae,Devosia
ASV8954,Bacteria,Proteobacteria,Gammaproteobacteria,Xanthomonadales,Xanthomonadaceae,Stenotrophomonas
ASV8955,Bacteria,Firmicutes,Negativicutes,Selenomonadales,Veillonellaceae,Veillonella
ASV8956,Bacteria,Firmicutes,Negativicutes,Selenomonadales,Acidaminococcaceae,Phascolarctobacterium
ASV8957,Bacteria,Proteobacteria,Gammaproteobacteria,Pseudomonadales,Moraxellaceae,Acinetobacter
ASV8958,Bacteria,Proteobacteria,Gammaproteobacteria,Pseudomonadales,NA,NA
ASV8959,Bacteria,Proteobacteria,Gammaproteobacteria,Enterobacteriales,Enterobacteriaceae,NA
ASV8960,Bacteria,Proteobacteria,Alphaproteobacteria,Sphingomonadales,Sphingomonadaceae,Sphingobium
ASV8961,Bacteria,Proteobacteria,Betaproteobacteria,Burkholderiales,Oxalobacteraceae,Janthinobacterium
ASV8962,Bacteria,Bacteroidetes,Sphingobacteriia,Sphingobacteriales,Chitinophagaceae,NA
ASV8964,Bacteria,Bacteroidetes,Cytophagia,Cytophagales,Cytophagaceae,Dyadobacter
ASV8965,Bacteria,Proteobacteria,Gammaproteobacteria,NA,NA,NA
ASV8966,Bacteria,Proteobacteria,Alphaproteobacteria,Sphingomonadales,Sphingomonadaceae,Sphingobium
ASV8967,Bacteria,Proteobacteria,Gammaproteobacteria,Enterobacteriales,Enterobacteriaceae,NA
ASV8968,Bacteria,Bacteroidetes,Bacteroidia,Bacteroidales,Bacteroidaceae,Bacteroides
ASV8969,Bacteria,Actinobacteria,Actinobacteria,Actinomycetales,Micrococcaceae,Kocuria
ASV8970,Bacteria,Proteobacteria,Gammaproteobacteria,Pseudomonadales,Pseudomonadaceae,NA
ASV8971,Bacteria,Proteobacteria,Gammaproteobacteria,Xanthomonadales,Xanthomonadaceae,Stenotrophomonas
ASV8972,Bacteria,Bacteroidetes,Flavobacteriia,Flavobacteriales,Flavobacteriaceae,NA
ASV8973,Bacteria,Bacteroidetes,Flavobacteriia,Flavobacteriales,Flavobacteriaceae,NA
ASV8974,Bacteria,Proteobacteria,Gammaproteobacteria,Pseudomonadales,Pseudomonadaceae,Pseudomonas
ASV8975,Bacteria,Proteobacteria,Betaproteobacteria,Burkholderiales,NA,NA
ASV8976,Bacteria,NA,NA,NA,NA,NA
ASV8977,Bacteria,Proteobacteria,Alphaproteobacteria,Rhizobiales,Rhizobiaceae,Neorhizobium
ASV8979,Bacteria,Proteobacteria,Alphaproteobacteria,Rhodobacterales,Rhodobacteraceae,NA
ASV8980,Bacteria,Firmicutes,Clostridia,Clostridiales,Ruminococcaceae,NA
ASV8981,Bacteria,Proteobacteria,Gammaproteobacteria,Pseudomonadales,Pseudomonadaceae,NA
ASV8982,Bacteria,Bacteroidetes,Flavobacteriia,Flavobacteriales,Flavobacteriaceae,NA
ASV8983,Bacteria,Proteobacteria,Betaproteobacteria,Burkholderiales,Oxalobacteraceae,Janthinobacterium
ASV8984,Bacteria,Proteobacteria,Gammaproteobacteria,Pseudomonadales,Moraxellaceae,Acinetobacter
ASV8985,Bacteria,Bacteroidetes,Sphingobacteriia,Sphingobacteriales,Sphingobacteriaceae,Sphingobacterium
ASV10277,Bacteria,Bacteroidetes,Bacteroidia,Bacteroidales,Bacteroidaceae,Bacteroides
ASV10278,Bacteria,Bacteroidetes,Flavobacteriia,Flavobacteriales,Flavobacteriaceae,NA
ASV10307,Bacteria,Actinobacteria,Actinobacteria,Actinomycetales,Nocardioidaceae,Nocardioides
ASV10308,Bacteria,Proteobacteria,Gammaproteobacteria,Pseudomonadales,Pseudomonadaceae,NA
ASV10309,Bacteria,Bacteroidetes,Flavobacteriia,Flavobacteriales,Flavobacteriaceae,Epilithonimonas
ASV10310,Bacteria,Proteobacteria,Betaproteobacteria,Burkholderiales,NA,NA
ASV10311,Bacteria,Proteobacteria,Gammaproteobacteria,Pseudomonadales,Moraxellaceae,Acinetobacter
ASV10313,Bacteria,Proteobacteria,Alphaproteobacteria,Rhizobiales,Rhizobiaceae,Kaistia
ASV10314,Bacteria,Proteobacteria,Gammaproteobacteria,NA,NA,NA
ASV10315,Bacteria,Proteobacteria,Gammaproteobacteria,Enterobacteriales,Enterobacteriaceae,NA
ASV10316,Bacteria,Bacteroidetes,Flavobacteriia,Flavobacteriales,Flavobacteriaceae,Epilithonimonas
ASV10317,Bacteria,Bacteroidetes,Flavobacteriia,Flavobacteriales,Flavobacteriaceae,NA
ASV10318,Bacteria,Proteobacteria,Betaproteobacteria,Burkholderiales,Oxalobacteraceae,Janthinobacterium
ASV10319,Bacteria,Proteobacteria,Betaproteobacteria,Burkholderiales,Comamonadaceae,NA
ASV10320,Bacteria,Proteobacteria,Betaproteobacteria,Burkholderiales,Comamonadaceae,NA
ASV10321,Bacteria,Proteobacteria,Gammaproteobacteria,Oceanospirillales,Halomonadaceae,Halomonas
ASV10322,Bacteria,Actinobacteria,Actinobacteria,Actinomycetales,Micrococcaceae,NA
ASV10323,Bacteria,Bacteroidetes,Flavobacteriia,Flavobacteriales,Flavobacteriaceae,Epilithonimonas
ASV10324,Bacteria,Proteobacteria,Betaproteobacteria,Burkholderiales,Comamonadaceae,NA
ASV10325,Bacteria,Actinobacteria,Actinobacteria,Actinomycetales,Nocardioidaceae,Marmoricola
ASV10326,Bacteria,Firmicutes,Bacilli,Bacillales,Staphylococcaceae,Staphylococcus
ASV10327,Bacteria,Bacteroidetes,Bacteroidia,Bacteroidales,Rikenellaceae,Alistipes
ASV10328,Bacteria,Bacteroidetes,Bacteroidia,Bacteroidales,Bacteroidaceae,Bacteroides
ASV10329,Bacteria,Actinobacteria,Actinobacteria,Coriobacteriales,Coriobacteriaceae,NA
ASV10330,Bacteria,Proteobacteria,Gammaproteobacteria,Alteromonadales,Idiomarinaceae,Aliidiomarina
ASV10331,Bacteria,Proteobacteria,Betaproteobacteria,Burkholderiales,Alcaligenaceae,NA
ASV10332,Bacteria,Actinobacteria,Actinobacteria,Actinomycetales,Micrococcaceae,NA
ASV10333,Bacteria,Bacteroidetes,Flavobacteriia,Flavobacteriales,Flavobacteriaceae,Flavobacterium
ASV10334,Bacteria,Bacteroidetes,Bacteroidia,Bacteroidales,Bacteroidaceae,Bacteroides
ASV10335,Bacteria,Proteobacteria,Gammaproteobacteria,Xanthomonadales,Xanthomonadaceae,Dokdonella
ASV10336,Bacteria,Bacteroidetes,Cytophagia,Cytophagales,Cytophagaceae,Dyadobacter
ASV10337,Bacteria,Firmicutes,Negativicutes,Selenomonadales,Acidaminococcaceae,NA
ASV10338,Bacteria,Bacteroidetes,Bacteroidia,Bacteroidales,Rikenellaceae,Alistipes
ASV10339,Bacteria,Bacteroidetes,Bacteroidia,Bacteroidales,Rikenellaceae,Alistipes
ASV10340,Bacteria,Proteobacteria,Alphaproteobacteria,Rhizobiales,Methylobacteriaceae,Methylobacterium
ASV10341,Bacteria,Proteobacteria,Betaproteobacteria,Burkholderiales,Oxalobacteraceae,Janthinobacterium
ASV10342,Bacteria,Bacteroidetes,Sphingobacteriia,Sphingobacteriales,Chitinophagaceae,Taibaiella
ASV10343,Bacteria,Bacteroidetes,Bacteroidia,Bacteroidales,Rikenellaceae,Alistipes
ASV10344,Bacteria,Bacteroidetes,Bacteroidia,Bacteroidales,Bacteroidaceae,Bacteroides
ASV10345,Bacteria,Proteobacteria,Betaproteobacteria,Burkholderiales,Burkholderiales_incertae_sedis,Leptothrix
ASV10346,Bacteria,Proteobacteria,Alphaproteobacteria,Rhodospirillales,Rhodospirillaceae,Aestuariispira
ASV10347,Bacteria,Proteobacteria,Alphaproteobacteria,Sphingomonadales,Erythrobacteraceae,NA
ASV10348,Bacteria,Proteobacteria,Gammaproteobacteria,Pseudomonadales,Moraxellaceae,Acinetobacter
ASV10349,Bacteria,Proteobacteria,Alphaproteobacteria,Rhizobiales,Rhizobiaceae,Neorhizobium
ASV10350,Bacteria,Bacteroidetes,Cytophagia,Cytophagales,Cytophagaceae,Dyadobacter
ASV10351,Bacteria,Firmicutes,Clostridia,Clostridiales,Ruminococcaceae,NA
ASV10363,Bacteria,Proteobacteria,Gammaproteobacteria,NA,NA,NA
ASV10364,Bacteria,Proteobacteria,Gammaproteobacteria,Xanthomonadales,Xanthomonadaceae,Wohlfahrtiimonas
ASV10365,Bacteria,Proteobacteria,Gammaproteobacteria,Pseudomonadales,Moraxellaceae,Alkanindiges
ASV10366,Bacteria,Bacteroidetes,Sphingobacteriia,Sphingobacteriales,Chitinophagaceae,NA
ASV10367,Bacteria,Bacteroidetes,Bacteroidia,Bacteroidales,Rikenellaceae,Alistipes
ASV10368,Bacteria,NA,NA,NA,NA,NA
ASV10369,Bacteria,Verrucomicrobia,Subdivision3,NA,NA,NA
ASV10370,Bacteria,Proteobacteria,Betaproteobacteria,Burkholderiales,Burkholderiales_incertae_sedis,NA
ASV10389,Bacteria,Proteobacteria,Alphaproteobacteria,Sphingomonadales,Sphingomonadaceae,Sphingomonas
ASV10390,Bacteria,Firmicutes,Erysipelotrichia,Erysipelotrichales,Erysipelotrichaceae,NA
ASV10391,Bacteria,Proteobacteria,Gammaproteobacteria,Pseudomonadales,Pseudomonadaceae,NA
ASV10392,Bacteria,Bacteroidetes,Bacteroidia,Bacteroidales,NA,NA
ASV10393,Bacteria,Firmicutes,Bacilli,Lactobacillales,Leuconostocaceae,Leuconostoc
ASV10394,Bacteria,Actinobacteria,Actinobacteria,Actinomycetales,Mycobacteriaceae,Mycobacterium
ASV10395,Bacteria,Proteobacteria,Alphaproteobacteria,Rhizobiales,Methylobacteriaceae,Methylobacterium
ASV10396,Bacteria,Firmicutes,Bacilli,Bacillales,Bacillales_Incertae_Sedis_XI,Gemella
ASV10397,Bacteria,Firmicutes,Erysipelotrichia,Erysipelotrichales,Erysipelotrichaceae,NA
ASV10398,Bacteria,Proteobacteria,Betaproteobacteria,Burkholderiales,NA,NA
ASV10400,Bacteria,Proteobacteria,Betaproteobacteria,Burkholderiales,Oxalobacteraceae,Duganella
ASV10401,Bacteria,Proteobacteria,Gammaproteobacteria,Xanthomonadales,Xanthomonadaceae,Stenotrophomonas
ASV10402,Bacteria,Bacteroidetes,Sphingobacteriia,Sphingobacteriales,Sphingobacteriaceae,Sphingobacterium
ASV10403,Bacteria,Bacteroidetes,Bacteroidia,Bacteroidales,Porphyromonadaceae,Odoribacter
ASV10404,Bacteria,Actinobacteria,Actinobacteria,Actinomycetales,Corynebacteriaceae,Corynebacterium
ASV10405,Bacteria,Bacteroidetes,Cytophagia,Cytophagales,Cytophagaceae,Dyadobacter
ASV10406,Bacteria,Bacteroidetes,Bacteroidia,Bacteroidales,NA,NA
ASV10407,Bacteria,Actinobacteria,Actinobacteria,Actinomycetales,Corynebacteriaceae,Corynebacterium
ASV10408,Bacteria,Proteobacteria,Alphaproteobacteria,Rhizobiales,Rhizobiaceae,Neorhizobium
ASV10409,Bacteria,Proteobacteria,NA,NA,NA,NA
ASV10410,Bacteria,Bacteroidetes,Bacteroidia,Bacteroidales,Rikenellaceae,NA
ASV10411,Bacteria,Proteobacteria,Alphaproteobacteria,Rhodobacterales,Rhodobacteraceae,NA
ASV10412,Bacteria,Bacteroidetes,Flavobacteriia,Flavobacteriales,Flavobacteriaceae,NA
ASV10413,Bacteria,Proteobacteria,Betaproteobacteria,Burkholderiales,NA,NA
ASV10414,Bacteria,Bacteroidetes,Sphingobacteriia,Sphingobacteriales,Chitinophagaceae,Arachidicoccus
ASV10415,Bacteria,Actinobacteria,Actinobacteria,Actinomycetales,Brevibacteriaceae,Brevibacterium
ASV10416,Bacteria,NA,NA,NA,NA,NA
ASV10417,Bacteria,Bacteroidetes,Flavobacteriia,Flavobacteriales,Flavobacteriaceae,Flavobacterium
ASV10418,Bacteria,Proteobacteria,Deltaproteobacteria,Bdellovibrionales,Bdellovibrionaceae,Bdellovibrio
ASV10419,Bacteria,Proteobacteria,Gammaproteobacteria,Pseudomonadales,Moraxellaceae,Acinetobacter
ASV10420,Bacteria,Proteobacteria,Betaproteobacteria,NA,NA,NA
ASV10438,Bacteria,Bacteroidetes,Bacteroidia,Bacteroidales,Porphyromonadaceae,Parabacteroides
ASV10439,Bacteria,Bacteroidetes,Flavobacteriia,Flavobacteriales,Flavobacteriaceae,Chryseobacterium
ASV10440,Bacteria,Proteobacteria,Gammaproteobacteria,NA,NA,NA
ASV10441,Bacteria,Fusobacteria,Fusobacteriia,Fusobacteriales,Fusobacteriaceae,Fusobacterium
ASV10442,Bacteria,Bacteroidetes,Bacteroidia,Bacteroidales,Rikenellaceae,Alistipes
ASV10443,Bacteria,Bacteroidetes,Bacteroidia,Bacteroidales,Bacteroidaceae,Bacteroides
ASV10444,Bacteria,Actinobacteria,Actinobacteria,Actinomycetales,Micrococcaceae,Kocuria
ASV10475,Bacteria,Bacteroidetes,Flavobacteriia,Flavobacteriales,Flavobacteriaceae,Flavobacterium
ASV10476,Bacteria,Firmicutes,Clostridia,Clostridiales,Ruminococcaceae,Anaerofilum
ASV10477,Bacteria,Proteobacteria,Betaproteobacteria,Burkholderiales,Oxalobacteraceae,Janthinobacterium
ASV10478,Bacteria,Proteobacteria,Gammaproteobacteria,Pseudomonadales,Moraxellaceae,Acinetobacter
ASV10479,Bacteria,Bacteroidetes,Bacteroidia,Bacteroidales,Porphyromonadaceae,Parabacteroides
ASV10480,Bacteria,Proteobacteria,Alphaproteobacteria,Rhizobiales,Brucellaceae,Pseudochrobactrum
ASV10481,Bacteria,Proteobacteria,Alphaproteobacteria,Caulobacterales,Caulobacteraceae,Brevundimonas
ASV10482,Bacteria,Proteobacteria,Deltaproteobacteria,Desulfovibrionales,Desulfovibrionaceae,Bilophila
ASV10483,Bacteria,Proteobacteria,Betaproteobacteria,Burkholderiales,Burkholderiales_incertae_sedis,Leptothrix
ASV10484,Bacteria,Bacteroidetes,Bacteroidia,Bacteroidales,NA,NA
ASV10485,Bacteria,Proteobacteria,Betaproteobacteria,Burkholderiales,Burkholderiaceae,Limnobacter
ASV10486,Bacteria,Firmicutes,Negativicutes,Selenomonadales,Acidaminococcaceae,NA
ASV10487,Bacteria,Firmicutes,Clostridia,Clostridiales,Ruminococcaceae,NA
ASV10488,Bacteria,Bacteroidetes,Sphingobacteriia,Sphingobacteriales,Sphingobacteriaceae,Sphingobacterium
ASV10489,Bacteria,Bacteroidetes,Flavobacteriia,Flavobacteriales,Flavobacteriaceae,NA
ASV10490,Bacteria,Bacteroidetes,Bacteroidia,Bacteroidales,Rikenellaceae,Rikenella
ASV10491,Bacteria,Bacteroidetes,Bacteroidia,Bacteroidales,Bacteroidaceae,Bacteroides
ASV10492,Bacteria,Bacteroidetes,Bacteroidia,Bacteroidales,NA,NA
ASV10493,Bacteria,Firmicutes,Negativicutes,Selenomonadales,Acidaminococcaceae,Phascolarctobacterium
ASV10494,Bacteria,Actinobacteria,Actinobacteria,Actinomycetales,NA,NA
ASV10495,Bacteria,Actinobacteria,Actinobacteria,Actinomycetales,Sanguibacteraceae,Sanguibacter
ASV10496,Bacteria,NA,NA,NA,NA,NA
ASV10497,Bacteria,Proteobacteria,Gammaproteobacteria,Enterobacteriales,Enterobacteriaceae,NA
ASV10498,Bacteria,Proteobacteria,Betaproteobacteria,Burkholderiales,Comamonadaceae,NA
ASV10499,Bacteria,Proteobacteria,Gammaproteobacteria,Pseudomonadales,Moraxellaceae,NA
ASV10500,Bacteria,Bacteroidetes,Bacteroidia,Bacteroidales,Rikenellaceae,NA
ASV10501,Bacteria,Proteobacteria,Alphaproteobacteria,NA,NA,NA
ASV10502,Bacteria,Bacteroidetes,Flavobacteriia,Flavobacteriales,Flavobacteriaceae,Soonwooa
ASV10503,Bacteria,Proteobacteria,Gammaproteobacteria,Enterobacteriales,Enterobacteriaceae,NA
ASV10504,Bacteria,Bacteroidetes,Flavobacteriia,Flavobacteriales,Flavobacteriaceae,Flavobacterium
ASV10505,Bacteria,Bacteroidetes,Flavobacteriia,Flavobacteriales,Flavobacteriaceae,NA
ASV10506,Bacteria,Proteobacteria,Gammaproteobacteria,Pseudomonadales,Pseudomonadaceae,NA
ASV10507,Bacteria,Proteobacteria,Alphaproteobacteria,Rhizobiales,NA,NA
ASV10508,Bacteria,Bacteroidetes,Cytophagia,Cytophagales,Cytophagaceae,NA
ASV10509,Bacteria,Actinobacteria,Actinobacteria,Actinomycetales,Sanguibacteraceae,Sanguibacter
ASV10510,Bacteria,NA,NA,NA,NA,NA
ASV10511,Bacteria,Proteobacteria,Alphaproteobacteria,Rhizobiales,Hyphomicrobiaceae,Devosia
ASV10512,Bacteria,Proteobacteria,NA,NA,NA,NA
ASV10513,Bacteria,Proteobacteria,Gammaproteobacteria,Oceanospirillales,Halomonadaceae,Halomonas
ASV10514,Bacteria,Proteobacteria,Alphaproteobacteria,Rhizobiales,Brucellaceae,Pseudochrobactrum
